user_id,item_id,rating,timestamp
229,111,3,1195974713
144,72,3,1511261570
449,132,2,1504242367
362,98,3,1183272841
405,128,5,1440512602
411,66,4,1091819404
393,164,1,993889753
314,54,5,994065229
14,121,5,1453236472
20,75,5,1341694558
70,56,4,1482327609
132,111,4,1077250825
24,154,4,954758837
488,103,1,1460317093
430,4,3,1537988396
20,17,4,990105692
14,3,2,1290212559
186,55,5,1173476087
254,24,4,1182860753
403,159,1,1256386322
305,63,2,1198159125
152,109,5,1112534814
356,192,4,1476952620
228,94,3,1327220753
319,116,2,1167304027
251,47,5,1159043061
301,161,4,1531562115
148,47,2,1332382669
124,75,5,1323651343
325,61,5,1059198796
107,113,4,1318109685
493,198,4,1155959532
51,147,3,1473807218
69,93,4,1172786096
405,74,5,1519976901
90,4,1,1076448919
313,100,5,1420098235
364,188,4,1004248660
414,152,2,1084927261
342,135,3,1106142349
120,138,3,987050037
479,106,5,1024591301
44,73,4,1091054135
107,84,4,1212942058
441,21,4,1040563034
7,70,5,1040415569
160,148,2,1514202927
199,149,2,1108660983
384,142,5,974731217
69,131,5,1227276119
305,147,3,1412805887
396,189,2,950836585
327,86,4,1047147984
152,61,3,1129417642
169,167,5,1133680016
98,198,3,1362947553
65,74,3,1376075759
57,66,2,1427664911
368,179,4,1141813205
76,88,5,1427445925
444,59,4,1169836607
243,63,4,1332276127
391,21,3,1291205886
68,110,5,1023760910
376,79,5,1464565211
270,155,5,1205165607
58,28,5,1063367998
66,153,2,1348965122
456,44,4,1154321506
262,167,4,1256365528
379,178,2,1046884809
8,152,4,978819240
164,85,3,1559467784
47,143,5,1088542695
210,42,4,1195020613
268,130,3,1407016194
365,3,5,976969061
417,129,1,1434993031
101,160,4,1217963492
260,198,5,1405704850
32,137,5,969047725
375,16,5,1472534388
21,158,4,1513310181
223,59,3,1000833690
325,25,2,1072802883
281,148,5,1287733501
133,189,3,1146356872
372,178,2,987840955
428,121,4,1254362926
364,108,3,965247575
226,131,5,1055926941
474,21,2,1321117785
190,161,3,1556449843
34,41,5,1435355082
441,23,4,1386381845
273,69,5,1349283549
271,91,4,1488987731
381,16,2,1225512290
424,156,4,1400822856
148,124,5,1258803830
343,128,4,1446561081
409,47,3,1240913300
227,57,3,986407795
142,145,5,1111814882
252,77,5,1480234501
251,151,3,1546946785
376,46,4,1438731747
328,190,4,1171544958
334,84,1,1063400589
154,102,3,1412008751
83,110,5,963701033
275,28,1,1467855437
63,73,3,1287682294
121,19,5,1430213901
120,166,2,1240206883
424,30,1,1235181088
376,52,3,1369126986
309,187,5,1371063208
196,68,5,1493269889
361,125,4,1557869352
120,127,4,1081188239
477,62,5,1095592477
268,35,3,1114879341
50,149,2,1296181395
357,195,4,1349798780
201,189,1,1455859618
465,65,1,1299761447
332,182,4,1049247150
15,105,3,1406631015
21,51,4,1113339256
157,179,3,999786822
348,28,3,1104526283
429,67,4,1039321943
162,91,5,973597312
72,87,4,1554336853
153,145,1,1393669253
218,27,2,1061851387
362,193,4,1472902882
424,142,4,1078468204
340,56,4,1105630780
486,49,1,1304528903
43,148,2,1328338393
295,85,4,1001092285
106,107,1,1066179688
265,88,2,1449481640
17,88,4,1504440762
423,183,5,1139329389
147,139,2,1052905901
45,1,4,1514730951
456,189,5,1410134155
445,161,5,1252479097
453,8,5,955720749
343,158,3,1202341462
177,175,5,975436305
450,68,4,1458013649
485,147,4,1159644967
84,113,2,1291055353
243,143,5,1574163100
105,194,5,1370565452
266,142,4,1443774024
377,39,5,1538862405
155,117,5,1232058917
387,144,5,1247386753
81,169,4,1140133154
235,65,2,1134542681
357,62,4,1346835550
409,23,5,1236099237
284,21,4,1280037164
375,73,3,1114124793
30,188,3,1523239583
451,195,5,986847144
63,23,3,1299725743
160,57,1,1560754427
417,152,4,1572635526
196,165,5,1358475328
47,148,3,1020727369
444,146,4,1335826730
495,126,4,1381592816
294,64,4,1438861089
176,116,4,1203044709
321,31,4,1550355180
434,69,3,970114362
67,75,2,1373184537
155,174,1,1539333439
475,51,1,973372090
125,143,4,1505235753
485,122,2,1482712059
357,35,5,1388821059
274,113,2,1405719482
431,126,4,1528703980
224,22,4,1177373872
397,162,3,1305958650
343,179,4,1276602593
416,109,3,1194279280
341,174,4,1293239306
359,68,3,1292290523
447,24,5,1488857070
354,139,3,1085791612
273,99,5,1476709351
214,152,4,1570046676
8,28,5,1131473955
374,147,2,1346179034
117,98,5,1090079276
47,140,1,1120673034
487,5,5,1057355667
425,46,1,1002100249
304,108,4,1434367711
70,183,4,1100373989
75,161,4,1533121806
411,192,4,1278595697
465,179,5,1279626034
175,4,5,1415971016
328,116,1,1548831952
369,96,3,1212539326
294,67,4,991491980
431,189,5,1028787791
114,22,4,1470878402
54,138,2,1158837245
277,194,3,1069426845
57,47,5,1283707888
488,71,1,1136358850
65,36,5,1243164430
37,141,5,1027957508
188,128,5,1524032640
164,35,4,1327239143
23,9,5,1076970317
384,4,4,1230194917
75,99,4,1514006285
188,173,4,972835756
61,83,4,1159567759
66,168,2,1342141473
234,124,5,1162403899
322,194,5,1141205998
415,34,3,1176391431
215,120,4,1041289717
221,53,5,1157054224
233,158,5,1391184276
403,53,4,987965592
214,31,5,959930262
32,190,4,1253482851
456,54,2,1059549937
14,178,5,1258219379
53,152,3,1218508701
191,4,2,1055545686
264,12,4,1093890893
290,82,5,1180039114
361,49,3,947263326
241,93,1,1059082207
214,38,5,1304311767
306,8,1,1301945023
157,156,2,1420135872
107,147,4,1447254561
428,196,5,1556021006
307,141,4,1493492805
112,56,5,1330180388
401,186,1,1224264476
417,60,4,965424905
175,23,3,1485751402
13,101,5,994091755
11,17,4,1153067485
201,21,4,1523669586
140,37,1,1419347940
304,103,4,1423329647
146,105,2,1022137192
13,141,4,1467069960
329,166,4,1505703735
470,100,4,1409476652
237,162,4,1486666403
274,3,3,1568736107
428,149,4,1286739904
356,21,3,1452571746
13,57,5,1084189621
138,53,3,1313819572
74,46,3,1321831063
258,81,2,1081640482
409,131,4,1079561104
268,182,3,1494924568
228,122,4,999551680
340,119,5,1045131822
465,104,2,1406802763
283,181,2,1516112942
222,162,3,1022071647
224,153,5,1023824697
7,57,4,952498575
208,43,4,1154484044
135,111,4,1148390431
331,8,5,1077149272
456,45,4,1173956099
104,195,5,1390319713
412,79,2,1195124825
4,90,5,1097822724
312,96,4,1567699146
143,32,2,1443529832
17,59,5,1460940870
362,185,4,1081211145
301,83,2,1209209396
456,104,5,1560087370
491,65,3,1321807845
216,182,4,1548586414
159,174,2,980364164
84,52,3,1138084983
54,161,5,1074072346
226,15,4,1274129732
390,38,5,993303869
210,78,4,1135233629
3,6,4,1161343082
108,161,2,1131982028
50,11,4,1414378024
272,68,5,1043492157
332,139,4,1348525970
471,55,3,1002646353
154,134,3,1129629426
285,59,4,1570339498
245,80,5,978081910
8,141,5,1045851485
352,94,4,1081327056
187,84,4,1039571669
93,86,4,1313508644
74,36,4,1169981467
426,171,1,1196133417
252,104,5,1196975919
91,22,4,1071967992
349,195,5,948586540
10,9,3,1139577375
89,93,4,1528410818
468,148,5,1194516962
113,103,4,1406766669
17,18,5,1532188380
468,181,4,1364463424
114,1,3,1383928307
343,10,5,954296232
105,133,1,1448209633
237,169,5,1297249860
256,139,4,1018403810
76,26,5,1564362732
188,199,5,1358355481
40,133,4,1077103619
279,106,5,1137835633
116,109,4,1142941935
147,112,5,1530982765
475,68,3,1502868322
421,129,4,1208156311
283,40,1,1049361244
24,24,4,1013941409
441,177,4,1086152823
116,23,5,1555814110
254,181,5,946734776
249,188,4,1181337828
313,138,3,1179466533
85,61,4,1516774655
179,86,5,1204745931
38,164,5,1369418564
397,87,4,1573925277
190,101,5,1233500442
435,185,4,1190181621
228,39,3,1000298389
213,54,4,1507992719
59,31,5,1035467679
443,162,5,1306486152
465,139,4,1012510072
273,68,5,1514305518
153,123,5,1386987493
241,65,5,1458991779
81,127,5,1368600870
379,198,5,1484093689
167,126,3,1079218465
251,169,3,1356175372
70,6,4,1404258690
337,63,5,1213285422
109,183,4,1212904144
451,15,4,1536114399
128,196,4,1054889682
43,116,2,1150899149
314,33,5,1365505654
388,59,4,1146101496
481,177,4,967281728
453,27,4,1455605607
13,64,5,1576128075
80,123,5,1199185880
148,95,3,1118679062
2,120,5,953193656
485,72,3,1483014967
375,195,5,1496412210
210,72,2,1156531184
12,126,4,1388888218
140,145,5,1496374043
334,69,2,1091682234
33,62,2,1305153896
19,197,2,1478921646
167,196,5,1096415187
182,135,4,1079811158
403,128,5,1382078071
404,29,3,995993863
218,62,4,1389587649
6,58,2,1185035816
453,82,5,1361252954
177,71,3,1018797025
345,35,3,1107581435
280,74,4,1564910617
427,183,2,1271313948
495,20,3,1342109493
148,108,4,1342230882
367,66,3,1011584673
406,67,4,1220102298
266,73,5,1419163055
326,187,3,1366166907
258,157,3,1449479634
154,10,4,1517888943
405,123,5,1484435171
98,158,4,1494235456
369,45,4,960005808
137,164,5,1332379756
46,106,5,1384312336
330,114,5,1277589041
419,85,5,1424798958
271,132,4,985572121
403,92,4,1538051320
41,170,5,1339208231
39,113,5,1161512942
480,180,1,1401826912
366,69,2,1215233191
203,61,4,1405094073
161,75,4,1471531485
304,138,5,1519136254
275,164,5,1136754124
174,131,4,961103734
376,91,4,1240712754
494,73,3,1160225258
345,39,3,1455419035
353,182,5,1097042641
56,187,4,1506092348
58,107,4,1305929317
168,164,4,1566824938
37,79,2,1267704545
63,150,5,1371222585
185,4,4,1187959228
363,54,1,1399345230
129,55,5,996044581
242,121,3,1427208404
496,157,2,1512291654
451,109,5,1420986018
452,69,1,1011133623
234,23,3,1392455870
378,52,5,1282194028
311,46,5,1102840068
36,110,4,970883305
314,39,3,1241358064
213,61,4,1175912306
109,35,3,1039453480
118,5,4,1324248400
76,195,4,1003597566
214,29,4,1525661939
495,112,2,955240935
85,194,4,1116044779
18,94,3,1305547936
414,126,3,1551654697
499,122,4,1399140219
115,164,2,1409479067
11,167,2,1552416373
127,147,3,1255545367
72,107,4,963285152
446,19,4,962123625
449,157,4,1147196428
246,129,4,1086288687
239,48,4,1450071743
317,157,4,999447440
71,13,4,1572353200
451,7,5,1060455488
241,62,5,1243234712
251,131,4,1498272244
491,160,5,1511745551
25,54,5,1099828727
312,65,4,1479993813
336,169,4,1305866034
118,199,4,1249904146
450,169,5,1004098570
181,174,4,1176627303
146,179,3,1234334303
136,22,4,1126046776
360,36,5,1142471667
313,49,2,1485569729
333,45,5,1200342522
234,67,3,1378417205
206,64,4,1460252093
132,60,5,1375945054
107,96,1,1296156417
62,49,4,1513571870
124,61,2,1155667887
409,164,5,1306231929
314,101,4,1377053373
295,58,5,1009512674
485,192,5,1533463994
71,92,3,1549739099
390,157,3,982036751
215,131,4,1051064025
292,62,3,1036633013
16,8,4,1375199340
443,130,4,977005739
395,80,2,1520709681
396,115,5,1145290335
369,128,4,1089498488
239,195,5,1532407901
61,129,4,1272748895
156,149,4,1356009187
391,22,2,1061749044
463,132,4,1104345943
340,101,5,1080469120
165,63,3,1501533460
96,163,5,1505201851
120,46,4,1260334853
217,56,3,1007677815
232,157,4,1270592613
402,2,5,1216037728
182,125,2,1354354223
27,20,5,1167222746
480,61,5,1252324574
143,144,4,1505377008
291,187,5,1230928714
414,48,3,1014300117
166,159,5,1478157297
433,100,1,1320860750
256,186,4,1481898063
197,85,4,1550529746
25,68,5,975590654
19,171,4,1541260732
427,153,3,1362660434
343,152,4,1468462945
183,28,4,1423620725
113,170,5,1346796312
14,32,4,1429573658
55,182,4,1512089387
133,87,4,1246476341
458,150,3,1530544063
327,4,4,1128543509
214,175,4,1206980913
404,178,5,1417831670
59,43,4,1173506037
20,166,4,1511969676
461,66,4,1062702693
322,36,2,1345430343
364,168,4,1083023239
29,40,3,1405588991
340,116,3,1362336362
7,45,5,1485450266
181,88,5,1484502984
419,179,1,1473378926
223,119,4,1364962782
373,110,3,1234518630
309,119,4,1387122623
298,94,3,1169495405
11,98,2,1183863729
358,138,2,1075023827
387,37,5,1438164423
296,56,3,1274192877
192,136,3,1034821047
60,138,3,1399029680
420,125,3,1200189397
4,82,3,1439141118
344,127,3,1370095253
130,31,3,1219021659
302,96,3,1293284709
266,168,3,1211640599
355,172,3,1485297878
145,65,4,1189193566
490,57,5,1083776052
184,9,3,1363564504
176,18,4,1062860583
401,143,3,1139792718
319,167,4,1011797919
393,40,4,1044438868
82,77,5,1202574027
428,38,5,1425160390
249,48,4,1282693430
295,196,4,1006173279
318,141,5,1238125424
229,134,4,1287337848
188,90,5,1172867494
72,25,5,1073025082
486,191,4,1069705821
451,156,4,1271860833
208,150,4,1275739429
200,72,4,1099770757
206,32,5,1450874114
256,187,3,1355225758
349,69,3,1055078398
425,31,3,1479569017
84,127,3,949491084
45,127,4,1176527664
276,81,3,1180062464
399,17,3,1118737388
279,174,4,1100498926
187,13,4,1043391515
473,189,3,991456885
210,145,5,1030217183
498,94,4,1077525332
94,149,1,1576328912
424,116,4,989007433
364,53,2,1096628787
414,161,5,1329711669
367,1,5,962722506
98,9,3,1047105644
462,185,3,1503963328
107,42,4,949990410
103,171,4,1189162361
221,85,5,1536480517
342,178,3,1276789823
499,54,2,1087564592
227,115,3,1075979952
149,115,3,1124922343
339,103,3,1425417360
6,147,3,1142769563
450,38,5,1525883122
244,68,4,1082474666
164,58,4,1131460432
105,188,5,1212454969
252,99,2,1217968695
284,129,2,1309917863
97,191,5,1472856655
370,132,3,1343370248
367,144,5,1045254302
472,119,5,953204385
67,152,4,951740569
404,192,3,1136808983
5,195,5,1185508687
113,15,4,1440445416
181,44,4,1402520406
351,178,5,1140269059
87,176,4,1039598592
246,89,5,1342284025
149,84,5,1461613141
469,190,4,1448867571
294,143,5,1535479533
436,46,4,1305765719
377,122,4,1141028586
112,108,5,1296368602
18,149,5,1232752213
360,151,4,1206873097
345,180,1,1275469174
237,181,4,1456536503
443,102,3,1235453384
59,2,5,1086028347
307,30,5,1390204619
423,90,5,1145789246
448,189,3,1133819357
457,103,5,1365524846
162,31,2,1047987968
439,22,3,1436183534
385,65,2,1415732789
426,149,5,1274991509
166,99,4,1430125447
190,175,2,1192831861
90,141,2,1411978607
78,173,5,1509288046
72,189,4,997724540
283,13,4,1175545972
163,60,2,1275542969
305,151,4,1086954393
303,5,3,1458812529
146,132,4,1354115405
13,135,4,1446440694
399,19,5,1135836782
492,163,2,1396222738
404,100,4,1305933103
44,104,3,1476932624
327,107,5,1397216927
164,141,4,1108961279
398,165,2,1570568814
324,40,3,1278695003
400,190,3,1025180383
237,194,4,1237431303
280,15,5,1217483110
45,194,5,1503384550
490,125,4,1339133597
458,146,1,1079673588
221,167,5,1266537514
382,173,4,981298397
390,184,5,1408884203
4,93,5,951706783
106,146,3,1150573305
96,6,3,1115345658
447,67,5,1265997630
452,81,5,1358168836
416,198,4,1515358272
468,150,5,1015096970
461,3,5,1463745520
251,73,3,1473906642
125,175,4,1146222719
215,30,5,1507183457
237,112,4,1149454793
206,58,3,1182752254
425,25,4,1386701811
48,10,3,1048508810
85,149,5,1181200134
209,192,3,1065737345
332,121,4,1164106677
331,16,4,1560414609
483,187,4,995228805
441,108,3,1119591599
298,76,4,1231076099
487,130,2,1098588954
283,79,3,1513471550
367,119,4,1163894631
380,12,4,1185694608
63,120,3,1322886535
325,90,2,1163834869
349,175,5,1305421597
151,144,3,1166990188
180,124,5,1309185090
399,175,4,1255904745
21,64,3,1150330012
148,25,3,1423747107
386,150,2,1190125380
438,100,4,1322633874
471,34,3,1554441917
374,100,5,1572418355
367,164,2,1424015218
403,38,3,1120719054
441,148,4,1266017539
50,82,1,1097662922
165,22,4,1035349852
300,34,1,966523358
135,68,5,1134882141
159,128,5,977103572
189,159,3,1024017567
322,187,4,1456806977
316,17,4,1568859023
302,167,5,1070972887
129,139,4,1073458051
327,154,4,962078475
95,92,3,1079482420
106,199,3,1443021463
260,108,2,1109168970
296,50,4,1362812268
195,12,3,1546161818
369,182,4,969898753
316,182,4,1058021925
284,25,1,1263737440
333,105,4,951323822
421,22,2,1139944682
283,41,5,1351021016
322,12,3,1066273497
201,10,2,983585377
176,20,4,1064605121
321,179,4,1143961370
386,159,5,1163223196
15,12,4,1221217276
359,24,4,1147244013
334,101,4,1337348877
162,128,5,1562073975
454,36,5,1056078925
127,80,5,1399723319
217,96,4,1438397459
18,38,3,951461215
365,123,2,1272344084
104,198,4,1321476566
142,61,3,1524685471
15,44,5,1239868036
109,27,4,1110974079
379,79,5,1005242484
287,99,4,965931986
110,182,2,1227044511
424,141,5,1229057186
133,29,2,1156591896
95,22,4,1542509947
219,89,4,1225507411
428,87,2,1289091878
495,54,4,1083573020
54,16,5,1301940653
451,193,3,1186103278
129,81,4,1417225939
326,8,3,1518817074
161,131,5,1283807578
364,109,3,1179023910
260,19,5,1458527788
171,141,4,1021841720
86,52,4,1146437356
342,43,3,1485917043
200,42,4,1085251058
26,151,4,1124386587
137,20,4,1300663919
39,179,4,1137144670
439,11,4,1247622426
11,38,4,1040257170
448,134,3,1194808933
369,170,3,1204058215
328,187,2,1563593518
376,7,4,1034504933
366,140,4,1074305316
46,53,3,1190988536
269,89,5,1174393269
441,116,4,1573480394
480,49,4,1192524281
11,92,5,950460502
429,23,3,1289127530
367,57,4,1213130677
29,97,4,1209127330
286,92,5,1436912237
414,93,5,1519090551
217,179,1,1436222842
47,181,4,1577821561
422,64,5,1528031952
210,169,3,1000245560
391,125,2,1454218074
308,161,2,1555463988
188,162,1,1461945859
427,4,4,1355693405
178,189,4,1356771964
408,36,4,1287191034
299,27,4,1575092753
156,157,2,1461813882
187,31,4,1292925328
39,48,3,1318731686
489,132,3,1225902229
203,66,4,1284496477
292,18,3,1480746112
383,186,5,1271748569
237,134,5,1119709767
152,86,4,1293053406
254,101,1,1569735465
33,12,5,1041458202
423,137,5,1002120907
247,29,3,1514392125
117,15,4,1050237286
373,172,2,1373867138
135,171,4,955827493
421,186,4,1154401082
95,122,4,1324643921
196,113,4,1239210839
22,194,5,1511296005
426,25,4,1009250260
55,144,5,1398040859
224,179,4,1254237320
442,173,5,1268179268
215,197,5,1047192927
443,74,4,1478436601
271,199,4,1560697090
339,10,3,1533837134
35,6,4,1396822181
77,93,4,1516988167
8,122,2,971152131
179,85,1,1175566343
343,16,4,1496584559
9,60,3,1434338164
327,15,5,1257378913
425,22,4,1571912548
428,1,3,1329858639
110,200,3,1278202712
306,12,5,1146333755
154,112,4,1411141368
279,171,4,1148432280
18,190,4,1181756109
284,146,4,1184694235
179,56,4,1049785683
220,68,3,1369413473
496,67,5,1160849797
464,24,3,1561497053
429,13,3,1165620243
118,82,5,1323340617
301,114,3,1082545611
495,114,4,1085952586
147,35,3,1480580717
14,118,5,1508111936
51,171,5,1018306871
275,82,5,1043968603
348,188,4,1301499666
28,123,2,1202739248
37,154,5,1155370447
294,77,4,1241114491
310,150,2,1027945762
444,173,2,1255017557
85,26,5,1394981381
151,115,4,1329023199
158,77,4,1271356118
463,149,4,1176344342
347,45,3,1243697111
371,47,1,1396934185
135,50,1,994627077
347,137,5,1145299614
21,90,4,1507197612
77,177,2,995359716
246,117,2,1005559592
450,25,3,1099697272
38,134,1,1311017485
322,168,2,1263870708
355,152,1,1163716720
372,125,2,962201506
190,1,3,1043598636
433,126,4,1550808280
400,147,5,1426202520
16,182,5,1256450560
42,147,3,1121451751
439,146,3,1183482620
45,134,4,1236066245
352,105,2,1323732390
287,10,4,1285891217
444,88,4,1212397768
479,15,4,1434077223
9,109,5,1015394384
272,143,3,1531536051
69,5,4,1530430958
258,93,5,1106548702
105,8,4,1246229566
366,9,2,950676618
99,42,5,946935031
141,12,4,981218167
73,52,4,1463675366
296,64,4,1530540572
206,179,5,1284089491
236,183,2,1269067494
220,106,5,1449030210
186,99,4,1570393845
340,192,4,975953723
467,126,3,1090081807
384,105,4,952177752
492,183,5,1561558157
433,102,4,1056506269
467,49,2,1021482869
232,179,3,1234201179
80,83,5,1172025918
173,7,5,1009610145
36,153,5,1365477137
215,134,4,1297226520
439,81,4,992084377
383,115,3,1220208795
387,75,5,1536383949
435,90,2,954523741
315,72,5,1116082159
224,59,5,1366904348
191,200,4,956626499
35,123,4,1192123500
104,7,5,1372307557
455,172,3,1249703930
331,42,4,1280953380
489,187,4,1131639087
389,48,5,1399380285
99,116,4,1431942430
95,17,3,1544745459
151,82,4,1532433997
498,79,2,1375305626
271,50,4,1034986119
79,131,4,1434097484
361,98,5,1561388255
189,160,5,1136768624
269,1,2,970904526
236,78,3,1034919905
82,199,5,970396446
192,153,2,1576992986
310,130,2,1458536920
56,94,4,1097283188
22,35,5,1390107825
122,128,4,1062090447
442,130,5,1251002721
350,134,3,1357513560
325,69,5,1354779023
307,105,4,1428048169
185,66,1,1002430677
320,22,5,958919708
422,110,5,1458390103
132,4,3,1260232858
171,59,4,1421723624
439,188,5,1177885142
370,106,3,1482112496
13,184,5,1338576716
113,171,4,984884521
465,79,5,989250930
286,98,4,1196084166
248,146,5,966310055
70,193,5,1408525235
370,107,3,1095552345
334,9,1,1470153271
179,198,3,1279646551
411,166,5,1535185136
24,128,2,1185268414
185,183,3,1433187773
286,22,5,1195215869
413,169,4,1333222208
31,158,2,1151341174
122,17,3,1351764046
110,184,2,1526104503
375,147,3,1035839841
291,114,3,1252701875
341,198,2,1417607988
16,123,5,1003502119
26,80,2,1317859811
74,192,5,1245721336
187,23,5,1401634356
327,108,3,1492377261
493,196,5,1342772703
147,2,3,1205707772
81,140,5,1571750099
129,182,2,1322264645
211,146,3,1117673622
23,154,3,993579726
44,27,4,1131798350
36,109,5,1444141146
185,69,2,1004734902
378,97,4,1463117477
119,78,4,1023865250
79,67,3,1573840289
97,169,4,1537109378
314,32,4,1243196166
105,1,4,1529277023
6,103,4,1267978201
226,158,5,1514150909
444,97,3,1160993321
307,192,5,1318250063
41,32,4,1264502298
284,64,4,1165464945
199,13,3,1055556245
447,74,5,1420823599
427,117,4,1292776748
344,168,3,1135547872
145,57,1,1476028605
472,137,3,1425520784
117,50,5,1147162132
402,183,3,1294378441
365,145,3,1167716947
101,45,3,1471024072
14,177,2,963165187
338,148,4,1285838254
107,108,1,977018830
155,15,3,1473358966
19,90,5,1342391321
174,92,4,1287641439
181,131,4,1176716946
273,161,4,1213796919
319,131,4,1369617846
154,99,5,1123999459
373,118,4,1138220771
400,152,5,1569684157
129,49,1,1215150069
464,144,4,1406170843
134,144,4,1142947498
154,90,4,1062080504
301,63,2,1081361347
253,154,5,1185494507
286,49,5,1054270891
417,13,4,1476897945
149,156,4,1177676583
66,87,3,1538080976
254,48,4,1406093459
187,46,4,1031495873
100,78,4,1340280353
44,134,4,1459422357
18,12,5,1436883061
222,117,4,1185043807
48,19,3,1460576282
53,107,2,1402351110
443,69,3,1280297218
378,69,5,1098502308
9,15,2,1103338309
17,154,1,1256212500
377,11,5,1188353526
14,14,4,1065174251
119,34,2,1382107920
145,195,3,1086146290
257,12,2,1503902697
85,121,5,1479721874
130,12,5,1340606177
262,136,3,1476596030
441,127,3,1069763975
250,139,2,1217901908
212,112,3,1311612252
362,14,5,1061592916
342,149,2,1246127453
167,20,5,956871686
393,129,5,1317836965
246,189,4,1317440939
330,119,1,1159979269
145,51,5,1267128754
266,120,5,1024039031
70,85,3,1088419729
440,57,4,1357572939
304,42,3,967779309
180,170,2,1276572313
25,75,5,1173218355
232,126,4,1140608447
455,33,5,999978385
175,161,4,1447962067
291,179,4,1251228277
402,110,4,1450139079
381,30,4,1374011145
343,180,5,1455883329
186,164,4,1095292300
296,89,3,1508339474
210,94,4,980084886
251,54,3,1357458443
280,34,2,1149942767
5,154,4,1236117714
285,3,5,1201024762
186,76,5,1087675857
77,2,1,1565547270
282,88,3,1097932822
424,188,5,1504333668
397,5,3,1477136076
169,181,3,1354581518
362,127,4,1152872674
255,143,3,974392020
198,65,3,1447572377
445,165,5,957552748
237,168,3,1341245277
189,68,5,1198243358
309,106,1,1514191321
357,97,2,1111453067
325,182,4,1467176091
312,99,2,952797900
103,106,4,1217537465
78,75,5,1056493251
181,33,3,1494155240
200,101,5,1086061098
377,143,5,1220680324
221,83,3,1180719371
4,95,4,1328133795
281,98,5,1549615496
61,53,3,1129535869
63,121,3,973280232
462,4,4,1519394942
429,178,5,1197759947
116,69,3,1459306880
167,96,4,1193180890
344,163,4,1018240985
49,190,4,1279471619
433,59,4,966601798
215,130,5,1509577319
247,126,1,1454565150
367,168,3,1008917162
98,183,5,1417928025
80,185,5,1437884174
27,196,5,1139725661
492,158,5,1304125141
114,124,2,1160218806
469,56,5,1479319467
415,186,5,1194455860
84,151,5,1000866852
405,145,4,1409930444
403,158,4,1501041597
420,100,5,987673208
428,117,3,1249671745
325,55,5,1286977704
461,197,4,967080329
358,188,5,1039245588
392,193,5,1083372134
78,85,5,1286902704
265,145,5,1524071992
62,52,4,1063107006
147,50,1,997751501
97,190,4,1099338544
292,122,3,988158942
262,57,5,1315263289
219,21,5,1192514511
312,116,4,1069925941
25,156,3,1289550225
431,198,5,1262990226
384,97,5,1182763266
426,21,4,1409487980
486,55,2,1442164267
109,98,3,1560475717
371,117,4,1136446536
337,66,5,1338925830
118,191,4,1107918483
329,17,1,1093313665
63,62,4,1449957713
373,199,4,1363205415
429,132,5,1390428740
158,196,4,1039731779
307,152,4,1011826705
426,57,4,1519319121
17,30,5,1005361302
209,129,3,1083178126
412,152,3,1006241058
214,27,3,1204291531
148,65,3,949255148
129,10,3,985713338
96,190,3,1001930453
146,112,5,1252482970
220,18,4,1472903984
477,82,5,1303621301
479,162,4,1343752465
38,187,4,1449454458
201,200,5,1162941905
389,142,3,1571841923
167,192,4,1251614795
194,150,3,1460065967
404,125,2,1158403011
463,88,2,1228577336
351,140,5,975875753
358,124,5,1072807233
74,108,5,958316200
479,119,1,1359614309
45,58,3,1571251489
44,15,1,1349607985
357,160,3,1521257557
342,74,2,1242727804
332,93,3,1463089542
269,120,5,1331367945
231,88,3,991044178
325,137,3,1447816786
277,24,5,1468892183
443,3,4,1175533284
168,176,3,1018816862
56,108,4,1339620684
324,46,5,1417737754
262,17,3,1208272098
337,2,1,1287616179
348,171,5,1179019502
107,183,5,1230549307
442,140,5,1383870950
39,13,3,1242965356
268,13,5,1577140152
40,118,4,1052623916
35,3,3,1025195609
11,126,5,1244347447
394,106,5,1166438983
31,75,4,1146164076
66,70,3,964435231
20,185,2,1178524939
199,39,5,1452211466
326,125,3,1466832493
70,166,5,1022983253
340,89,4,1113144560
349,72,4,1575499699
289,22,5,954444804
487,18,4,1296497908
293,64,4,1519703593
123,176,5,1389996943
310,102,2,1492693531
2,94,4,1020318031
315,69,4,1453489204
231,45,5,1561313340
347,94,2,1158465306
410,128,4,989840820
187,38,4,1252239195
226,53,5,976747951
351,147,5,1054483676
64,29,5,1052531680
358,186,2,1317677972
39,102,5,1227046362
164,111,4,1007789374
99,35,4,1023463168
281,43,4,1118260034
191,51,2,1222587389
492,192,5,1411960456
258,162,4,1552645001
114,76,4,1230390192
495,70,5,1398876013
218,189,5,1191201918
236,26,3,1484634749
271,123,2,997872143
421,3,5,1551554270
13,120,5,1277264916
322,182,5,951152601
186,62,4,1328246829
217,139,4,1163884020
199,64,3,964977735
371,191,1,1156134547
264,58,4,1513105777
249,93,4,1339043982
94,154,5,1460433571
84,109,3,1191508181
327,151,4,1482997724
336,102,1,1259230757
159,14,5,1124335992
73,91,3,1060966873
29,179,3,1326358363
220,72,5,1561353641
135,42,4,1488323738
58,46,3,986365896
373,155,5,1497931465
426,180,3,1284143100
67,6,4,1454715077
53,66,2,1309430230
2,150,5,1379844070
24,112,3,1029010240
105,3,5,1467348799
492,45,5,1009593751
458,35,5,1576389519
59,182,5,1264208014
249,11,5,1202074610
68,43,5,956663754
466,103,5,1184820273
215,199,3,985174603
7,49,5,1391106788
176,79,3,1434950398
455,160,5,1036388556
1,188,3,1177475055
286,54,3,1267012918
217,80,4,1142442432
325,128,4,1562707434
109,116,5,1139882211
164,68,5,1253651508
466,178,2,1444468497
22,66,4,1181590187
103,47,3,1114216117
90,85,4,991868987
159,73,4,1340743088
101,2,4,1512790841
495,179,5,1406371442
297,123,5,1517199887
388,140,4,1282987915
355,133,5,1482454700
362,137,4,1235669987
146,9,3,962586524
381,114,5,977403918
390,120,5,1484935900
260,82,4,1357108016
172,75,4,1455865329
62,106,2,1019324716
362,186,3,1245945273
112,57,3,1011842627
375,97,5,1307301255
300,98,5,1529708789
69,159,3,1211952233
32,33,3,1376847261
114,29,5,1497796152
253,30,2,1503671597
68,25,5,1538248226
311,137,1,1563533941
297,172,2,1293583211
47,130,3,1186751180
110,69,4,1424033993
256,56,3,1424354136
162,30,2,1425746245
374,55,3,1094445442
26,57,5,1353717829
299,188,4,1533357737
204,194,3,1566500308
100,104,1,1563956651
278,181,3,1355842922
255,125,3,972646535
98,57,5,1382973587
488,25,4,1347739338
207,128,2,983703126
411,40,4,1054719954
384,178,1,1571676832
467,97,3,1217877654
135,26,3,1383569351
133,106,4,1290022724
177,26,4,1449245836
412,161,4,1173920480
235,18,3,1491297949
282,144,5,978423584
154,176,4,1229516069
386,113,5,949896169
216,146,4,1456699227
330,17,4,948146233
70,150,4,1088656166
140,99,4,1502370326
432,199,2,1474768396
213,138,5,1164880264
79,52,4,1484543650
230,131,2,1398366522
326,176,4,1416907970
210,103,3,1116062712
94,196,5,967594459
63,29,5,1284383948
297,130,1,1545359330
406,100,5,1163735737
174,29,3,1081050997
143,60,3,1031087274
208,74,2,1339976639
243,2,3,1411137950
371,26,5,1118841037
256,25,1,1468975412
323,90,5,1478160037
87,149,5,1351210138
362,123,4,1040469887
44,100,2,1322137127
244,131,5,1124112971
450,46,5,1376751645
69,137,5,1160832482
347,194,4,1272210976
423,94,4,1103323963
31,11,2,1006876673
488,105,1,1159339905
359,101,5,1003727108
180,173,5,1239367868
38,148,4,960516353
121,160,3,1262119464
323,1,3,1472365452
403,140,4,1306564280
371,35,4,1259781252
482,22,3,1081300536
175,182,5,954714398
69,104,5,1515641927
216,178,4,1225923471
498,116,4,1390289644
490,39,5,1336328031
254,112,5,1500317192
488,128,4,1402240378
480,15,3,1544552126
325,169,5,1171093329
305,146,5,1348587481
453,60,3,1449123161
466,29,5,1401077389
79,177,2,1004743608
491,186,4,1565978259
158,19,5,1337383223
77,151,3,1184767648
231,18,4,1259240336
19,70,5,1065921953
84,153,2,1046189271
341,11,3,1191874814
369,80,4,1493475938
16,168,2,1154961058
241,21,5,1493642339
496,17,3,1058134170
404,153,3,1037522620
422,3,4,1101689830
481,55,4,1304997678
463,26,5,1480970293
199,46,5,1244005207
315,29,2,1029178125
232,164,2,1477932951
109,191,5,1488964504
187,32,1,1493111533
402,37,5,1110104775
404,182,4,1170125138
414,53,2,1519581290
447,11,5,1104408943
487,100,5,1441275154
396,15,3,1487727076
165,29,4,1279474457
364,130,4,1540893811
388,50,2,1373881274
90,115,4,1426286967
194,123,5,1453516810
229,18,3,999343537
398,118,4,1289300542
364,67,2,1216870349
440,156,4,1531041874
48,86,4,1166482283
480,50,5,1542596548
260,78,4,1232378146
101,149,2,1173570272
456,81,5,997960801
6,67,5,1254543243
237,66,3,1348248854
413,81,4,1419742301
156,142,1,1173018448
416,70,3,1529196677
283,82,2,1380225783
280,102,5,956065614
203,24,3,1342653867
332,57,5,1423109991
380,199,4,1039936266
470,163,5,983437979
379,24,4,1542622197
237,53,4,1379230042
100,5,2,1023748321
286,72,4,1476482606
282,185,5,1426034566
127,168,3,1448001597
359,53,2,1249073513
466,108,4,1284114310
230,156,1,951678699
223,111,4,1346738963
83,124,4,1448429250
471,7,4,1354058989
290,106,5,947932552
304,115,4,1150354537
281,116,2,1190805144
403,39,3,1322395855
27,104,2,1542100163
499,147,4,1317303150
206,161,5,1382783645
22,3,3,1344133450
432,2,2,1434407557
107,168,5,1376211037
258,111,2,1158906976
202,183,5,1470399093
104,147,4,1214880896
235,33,4,1554926239
197,17,4,1312373929
98,137,2,1545552162
242,199,5,1453912531
242,25,3,1304273718
430,152,4,1022765205
139,176,4,1510133282
49,46,4,963491108
219,92,4,1058124511
79,127,4,1050858030
366,52,5,1232105052
9,33,5,1212749900
405,186,4,1072524937
262,115,4,1143178176
276,57,4,1227646056
195,139,4,1173071640
177,177,5,1532381501
118,164,4,1352118861
487,56,3,1000133621
388,30,4,1398599330
333,180,4,1266733162
343,196,5,1454363142
22,75,4,1025069497
93,192,1,1024877835
7,128,2,1057805414
362,62,5,1120857191
457,98,5,1225425059
345,152,5,1125342209
141,159,4,1299494043
444,155,4,961775207
463,33,5,1442544868
201,23,5,1057367576
333,85,4,1177311993
299,89,4,1556822958
487,71,4,1192579522
62,109,3,1303990262
498,86,2,947375578
289,81,5,1066476271
238,126,5,1406032105
381,113,4,1145480317
477,114,5,1203361808
208,19,4,1048011527
166,38,4,1151904217
415,44,3,1573984016
79,73,3,1530465839
396,96,5,997942545
463,6,5,1536398323
163,182,2,1536152079
392,89,3,1336687321
244,86,5,955893001
184,121,4,1052567003
70,148,4,1439497736
314,187,5,1027694509
278,192,3,1086213682
334,39,2,1472285429
104,161,2,1168682933
428,34,1,1353336569
113,62,4,1378786999
135,118,4,1123132197
212,162,5,1518744605
273,59,3,1210678995
402,45,4,1249695034
318,59,5,1264067337
267,102,5,1148818792
145,104,4,1491599444
40,19,4,1418226740
499,64,1,1429378703
200,146,4,1319185962
295,177,3,1229285996
138,71,4,1542288304
164,21,2,1469969815
311,25,2,1051116649
209,93,3,1290554464
455,122,5,1101156552
12,35,5,1038912099
220,185,3,1371330002
490,167,3,1479729376
396,34,5,983101982
477,128,4,1105957048
75,34,3,1129391681
16,167,2,1053273899
124,19,2,1416831751
77,194,3,1442778698
472,198,1,1270577606
103,70,4,1210154730
359,194,4,1182765552
313,165,3,1028382365
455,153,4,958639602
262,18,5,947852298
481,193,4,1314567379
449,52,3,1057907560
206,31,4,1174042934
366,93,3,1511087897
309,145,3,1277122934
342,133,3,1241950085
500,149,4,1532787044
89,154,4,971873619
161,14,3,1534328528
149,46,5,1204418039
340,157,4,1242699991
387,19,5,1478378965
124,150,4,1157775520
389,77,5,1168572439
323,115,5,1549379426
48,191,2,955267099
172,171,4,1090481200
341,57,5,1191957578
185,121,4,982730953
363,124,4,1083834187
43,119,5,1007224889
249,37,1,1384115461
434,22,4,1333965336
125,79,4,1185923671
176,102,4,1073313378
106,193,5,1100622649
204,166,4,1186648105
498,39,4,1237833891
52,31,4,1052651537
425,58,2,1417795742
311,10,4,973983845
271,3,4,1568370882
56,63,4,1002863084
116,92,5,1557591992
50,71,3,1249994995
105,88,4,1314167763
482,43,3,1249770277
94,42,5,1203169216
290,120,4,1362088705
213,148,5,1186155540
88,68,3,1567527187
82,129,2,1357399776
280,14,5,1125544522
24,188,2,1413740876
208,24,4,1481301301
26,194,4,1486830784
497,75,5,1201670826
29,165,4,1473493158
42,156,4,1259084659
138,187,5,1090772393
350,160,4,1414272256
56,122,4,1180860112
158,120,5,1500546227
91,137,4,1381598189
49,129,5,1140316596
467,100,3,1329956268
452,137,3,1263414859
362,43,1,1330396754
48,126,3,1123622212
272,129,5,1543062886
211,165,1,1269109823
161,66,5,964320827
82,107,5,1352974103
132,37,4,963135761
253,88,5,1007894969
467,28,4,1391065958
125,138,5,1264834107
111,15,5,1107327464
406,64,3,1318016966
56,151,5,1319760360
390,119,5,1104939963
381,49,4,1384025659
70,37,3,1130681384
62,93,4,1033079843
420,79,3,1106635171
48,85,5,1531254077
208,51,3,1011206116
29,127,5,1181812713
167,1,4,960143296
343,105,5,1427207149
432,33,4,1272622268
266,182,2,1404318924
1,133,4,1099498096
28,23,3,1367782890
145,113,2,1289446157
139,28,3,1098783932
123,64,5,1265663367
405,59,3,1375166021
30,145,4,1193801135
457,130,2,1099029731
54,122,5,1201923925
215,34,5,1209126913
350,194,4,1481125647
204,1,4,1388826801
397,15,4,1433401540
114,147,4,1458307322
139,117,3,1314351891
277,82,3,1467043529
354,154,4,1294542573
115,159,4,978936124
445,70,2,1531226342
145,19,5,1030012528
326,63,4,1054875933
153,104,4,1463339590
154,56,5,1223990302
26,170,4,1175882646
47,13,3,1188915777
144,73,5,959881506
169,31,4,1334189621
482,200,3,1027276327
378,156,1,988686912
489,74,3,1395315965
138,175,5,1403147531
45,145,2,989570369
331,169,5,1311325075
239,14,4,1574764725
31,58,2,1168045113
128,158,4,1414155847
220,136,4,1000416066
236,86,3,1169653520
142,9,4,1246004043
165,139,5,1126502958
110,180,4,1080692267
424,102,4,1445000623
240,91,3,1229674195
324,139,1,1514639747
76,73,4,1539991167
410,102,4,996466086
476,58,2,1158639564
442,28,5,977561853
470,58,4,1108534285
381,112,1,1231539423
33,145,5,1515746938
303,112,5,1346577011
3,125,5,1418379151
334,59,4,1483982653
491,49,4,1557043598
338,92,2,1344203341
94,45,4,1429379214
500,46,4,1559267117
440,172,4,1500760637
473,52,5,1113385144
339,66,4,1387739800
46,73,5,1175212246
133,55,1,1182189959
272,176,5,1170895036
271,193,3,1304795109
310,14,5,1357370288
487,111,3,1556561738
113,133,5,1378941880
376,93,3,1315572718
357,119,3,948759042
329,122,3,1404792601
130,23,4,1443376468
400,9,5,1261530906
307,64,5,1164399013
100,193,3,1413771186
393,141,4,1274401358
427,44,5,1519981856
152,164,1,1199198696
10,100,4,1319350120
365,108,5,1010967825
94,63,4,1092592779
405,25,4,1023943240
126,50,5,1518168024
355,116,5,1141194637
257,25,4,1287829188
389,105,5,1044583816
118,94,2,1172841632
386,14,4,1011857486
346,175,4,1069159565
221,152,4,1323856142
339,72,4,1040071254
497,72,4,1475706307
398,191,3,1185520604
321,68,4,1536833119
225,113,4,985333734
215,192,5,1151463489
380,147,1,1050428298
187,15,1,1337249595
351,172,3,1247805540
254,175,3,1546902128
70,104,3,1433742025
54,20,3,1067765689
105,10,4,1398075330
242,43,3,1020205747
101,56,3,1276938862
393,106,5,1433174678
447,109,2,1092868779
470,152,4,1300733017
222,161,2,1067560816
57,62,3,956714321
327,90,4,1063281565
359,151,4,1448574136
365,9,5,1489068172
186,131,4,1052654271
351,180,1,1479086840
163,15,5,970978685
365,97,3,1393186912
412,118,5,1308835278
78,147,4,1223427187
73,101,5,1247768357
26,92,4,1423526751
123,53,5,973457869
348,186,3,1238101162
76,51,4,1403628537
211,24,4,1034464503
82,100,4,1525419884
61,123,5,1344262126
258,89,4,1397962393
200,99,2,978575377
182,1,3,1216120550
387,196,2,1016079026
271,8,3,1457862071
431,103,4,1430337741
177,169,3,958564086
223,199,5,1138510457
231,23,3,985826471
6,38,5,1391269530
203,69,5,995357894
475,47,5,1511753482
380,109,5,968942299
280,73,4,1245084144
46,18,4,1260829472
349,103,1,1135139016
387,118,5,962492504
399,2,5,1043103599
199,100,4,1094912538
165,91,4,1098601550
282,65,5,1390766108
249,1,5,1498256650
74,187,4,1163612707
56,111,5,1099882632
139,70,5,948409420
214,56,5,1288795812
175,91,4,1397635374
226,64,1,1254770249
498,81,3,1352801211
397,1,5,1248674725
25,154,2,1509343067
417,101,3,964165661
57,177,5,1182159799
65,12,5,1281665919
390,89,2,1559905408
160,131,3,1372111722
413,178,4,1500891959
145,188,3,1477286332
273,49,1,975377713
131,43,3,1115436867
465,178,3,1060909198
417,80,3,969871379
230,24,5,1115442421
80,94,2,1250481111
88,145,4,1238786525
307,27,5,1366977419
302,159,3,1426110312
135,4,3,1091068446
203,112,4,1288975157
310,119,4,1000699244
331,158,2,1460226405
406,117,5,1190132378
37,46,1,1137644751
469,154,2,1485115833
63,156,4,1121107683
427,165,3,1475856421
85,189,5,1009689930
189,144,4,1028989417
364,72,2,1394108457
205,57,3,1063984194
158,141,4,1329891080
467,54,3,1338985916
87,2,4,1270603850
31,33,5,1050648970
417,128,5,1290666654
176,126,4,1204355661
476,181,2,1498929872
123,134,4,1167410888
50,81,4,1257673622
54,118,4,1312091242
484,59,4,1302025303
183,57,4,1401062828
460,1,5,1133111505
171,180,3,1315667115
160,10,4,1549597049
28,181,2,1179904564
260,79,2,1202801474
74,175,5,1102267025
129,35,3,1236875706
492,1,5,1422613842
285,89,3,1493898300
477,122,5,1523079821
498,161,3,1343416662
341,151,3,1305632868
171,26,4,1023451234
294,88,4,1350372764
495,60,5,1249423733
147,174,4,1450388685
369,185,1,1476875279
353,77,5,1309305099
55,51,4,1308076320
161,29,3,1197808158
80,31,4,1392785843
138,74,4,981079500
387,187,3,1540444961
433,156,2,1495207777
481,69,5,1521188284
444,71,2,1319692860
151,30,3,1283144887
309,7,4,1449539568
476,125,4,1130844979
132,162,5,1059380216
197,38,4,962213798
16,149,4,1431406846
218,87,4,1323435678
500,42,3,1105494633
329,131,3,971635208
106,179,5,1396993741
381,131,5,1049942641
408,141,4,1042207215
127,21,2,947534922
417,160,4,1104008148
167,128,4,1293578084
9,25,3,1209608321
275,20,5,1147194565
17,124,3,1288752349
84,131,2,1258855121
154,184,4,1078519632
223,165,4,1129544986
173,4,4,1206976345
480,110,4,1433678687
71,33,3,1559094524
268,11,5,1183580575
57,166,5,1350668641
19,116,4,1153012175
192,64,3,1293704538
348,125,4,1506955194
436,97,4,1566625300
278,9,4,1095095440
428,45,4,1267202556
123,33,2,1333224246
5,187,5,1451589329
321,83,5,1480574983
387,25,5,1181084214
168,82,5,1215307742
33,111,3,1366046822
272,80,5,1186115880
135,78,3,1540288751
345,160,4,1114526479
308,29,3,1423569607
184,5,2,1364532128
377,50,4,1571892488
489,178,2,1276895962
100,173,4,1271303265
46,67,5,1516977858
23,94,2,1499649852
407,155,1,1301836431
41,98,4,972307925
256,118,3,1245569096
436,2,5,1032810545
245,123,2,1214335692
136,59,5,1419870452
461,95,4,1557764858
254,7,5,1341071742
69,69,4,1408451016
262,89,1,1315120265
400,37,3,1031606220
288,47,5,1066136874
210,120,4,1044312288
157,5,2,1176184662
488,131,3,1288703587
30,103,3,1211698544
316,40,5,1257456841
220,121,2,1515639938
292,43,5,1353812204
90,164,3,1376118148
485,78,4,1398900365
104,196,5,1334160594
175,54,5,1107227218
95,9,1,1448131149
316,46,4,1257539055
351,165,2,1557175105
365,189,5,1178863793
22,112,5,1546780071
38,48,4,1128733674
188,8,3,950075719
137,90,3,1481862622
326,90,3,1289570247
270,24,4,1519929271
474,120,5,1493810481
425,194,3,1005668412
66,42,4,1227380771
233,38,3,998374741
345,189,4,1202129105
116,80,4,1323429191
269,119,5,1447870332
57,199,4,1086446751
406,55,5,1327862742
318,182,5,1155196572
48,5,3,1057247606
202,101,5,1024931852
138,66,4,1111164003
281,172,1,1134084486
174,151,3,947964172
253,21,4,1156848402
381,188,5,1391562857
3,91,5,949763682
284,70,5,1004552829
481,144,5,1226788556
175,76,4,1395803805
18,44,5,1189417840
371,60,4,1429910430
357,59,3,1248913514
107,191,4,1509956368
226,167,5,1190348213
245,94,5,1315820732
300,121,4,1485807059
114,132,1,1067917172
191,175,4,1400659556
86,62,5,1458211405
105,62,3,1235481122
43,130,4,1343784524
384,51,5,1089806865
391,45,1,1175261021
298,135,5,1143191719
467,165,4,1532394216
491,107,4,1117971038
80,125,4,1231764997
220,32,3,1358265361
324,127,3,1374911985
264,64,1,1285017767
3,145,4,1133926381
221,114,4,1542105976
244,134,2,1349646681
17,92,4,1258705269
419,144,4,1232740078
101,112,4,1271087216
489,155,5,1370888347
359,125,5,979737358
21,52,4,1266892256
307,83,3,1174889676
127,172,1,1202490076
88,80,5,1568490070
92,47,5,1107719234
15,1,4,1414960560
96,157,4,1435288682
349,102,4,1107970805
404,119,5,992496547
67,129,2,1498777204
111,168,3,1255069709
356,197,3,1321214711
79,134,4,1432599954
127,29,5,1543008846
182,105,3,1569908496
497,184,2,1483314205
172,55,4,1357843073
164,147,2,1389125966
367,38,5,1074713726
208,194,5,1112434297
190,199,4,994982295
244,167,4,1368906204
300,133,1,1087559197
29,154,5,1309128285
115,181,3,1100843001
299,7,3,978764148
297,106,3,1181731125
127,197,3,1203219871
468,64,5,1092509758
349,163,3,1327312540
95,41,4,1049814603
267,2,4,1046154593
387,80,3,1128752854
249,153,5,1356184074
221,17,5,1240770680
279,184,2,1251964051
493,2,4,1117243162
130,78,4,1533776396
228,163,4,1042206070
200,194,5,1041185141
138,21,3,1341000194
416,148,4,1274035940
340,61,5,1254416326
326,139,4,1557470545
243,191,5,1063526146
82,88,5,1361017225
411,12,2,1025179711
250,114,5,1385906546
35,193,5,1542192890
249,83,3,1167323852
92,1,4,1559892996
473,86,4,1512653462
324,180,4,1576875054
251,21,5,1010491368
66,187,3,1248521615
145,84,4,1504595914
290,161,5,1295471806
87,41,3,1417106145
380,79,4,1220627030
17,188,3,1399862435
457,36,4,1377800389
74,80,5,1430620949
77,116,4,1524315417
331,88,5,1303333555
74,125,5,1434001214
321,52,5,1002489035
398,89,1,1166464707
156,199,5,1490679513
245,50,4,1183829391
438,171,1,1294646979
19,66,5,1276568850
400,54,4,1118429329
407,117,4,1070535875
281,191,1,1491871020
123,121,5,1033369825
393,2,4,1477567044
180,86,2,1574812355
253,9,4,1109376009
208,125,5,1568836786
266,134,4,1042045177
454,191,3,1080932410
319,111,3,1093660338
434,132,2,1400226463
376,179,3,1461778337
420,70,4,1089664655
59,181,4,1489189934
222,103,1,1185935070
403,62,4,1459281600
68,28,5,1154778806
119,124,5,1522724202
341,25,5,1138733631
312,12,2,1310976828
122,124,4,1476647099
326,17,4,1463158865
446,118,3,1300594252
413,160,4,1229689482
480,134,1,1423083556
13,90,3,1492289855
1,63,4,1483295462
266,128,3,992895671
80,165,5,1502717200
304,26,4,1218846969
239,12,5,1467565497
438,34,2,1341244558
449,25,4,1487001722
335,86,4,966031411
207,88,4,1148322808
253,93,2,1152935583
309,59,5,1383717181
388,86,3,1281991537
114,184,1,1302953397
399,197,4,1336976740
387,191,4,1122132822
380,156,5,992512657
378,164,4,1418506265
304,168,3,1505143302
313,8,5,1314332087
126,159,4,1041116207
415,108,3,1361827273
167,148,4,1228716136
327,116,3,1410379981
203,199,2,1529520092
329,100,5,988498514
184,95,2,1413968492
353,162,3,1054659078
144,19,3,1323763185
499,139,2,1023813241
298,13,5,1095018019
92,88,3,1038267004
252,140,5,1566977575
54,130,3,1033788076
359,106,3,1482256260
208,159,5,1446880470
170,123,3,1071971852
314,146,5,1155730134
387,55,2,1409534315
63,91,2,1337931927
72,9,4,1225861085
373,83,4,1198465812
356,40,4,1459697477
69,142,2,1231424553
370,85,5,1254108650
304,172,2,1061260623
247,117,5,1140339951
47,134,1,1367840033
108,53,5,1158313514
116,73,4,1000677328
268,128,3,1083821162
41,181,4,1066116538
345,192,5,1426733327
436,80,4,1020218452
388,92,4,1117902043
337,142,4,1216655666
65,52,4,1409294904
207,99,4,1134640609
42,139,3,1270959202
423,72,3,1264423372
45,115,2,1288859184
222,159,4,1304205375
77,25,4,1402015750
365,134,5,1110579848
112,164,4,1056025692
408,48,5,1234451765
170,119,4,1111543641
14,157,3,962660614
37,53,2,953490795
35,60,5,1538206590
252,8,4,992661583
425,131,4,962329101
252,96,5,1506493946
186,168,2,953468364
160,1,1,1323367306
437,8,3,1306667107
128,62,5,1174515116
105,92,4,1323311019
494,174,5,1203215407
142,193,5,1575780942
344,177,4,1554900919
15,185,3,1347720151
97,144,3,984862119
497,182,5,958122333
309,127,4,1139662543
115,134,2,1043532971
18,16,4,1476058215
443,93,4,1043634325
353,47,4,1420889979
9,24,5,1099508954
172,101,2,1006281060
489,122,3,1205685491
61,168,5,1451244797
155,1,5,1185558676
161,135,1,1458308226
492,51,3,1078263605
464,123,5,948447004
273,117,4,1109610492
337,85,5,1407075014
170,39,3,956144047
381,57,4,1004697570
404,15,5,1134990326
469,37,4,1107389337
490,8,4,1081358723
21,159,4,1354311182
245,163,4,1107096872
293,185,3,1531876540
398,68,5,1496935371
353,152,5,1494621541
286,88,4,1313170083
38,52,5,1357750038
396,172,5,1337682796
363,126,2,1217323343
15,63,3,976714070
93,105,3,1512996855
308,107,3,1286787828
426,4,5,1051536232
220,80,4,1105026819
255,2,3,1246739476
198,43,3,1352584516
393,156,3,1025802706
131,73,2,1026771294
49,145,4,1477436694
290,105,5,1109547918
175,3,5,987654274
102,4,4,983918252
251,75,4,1366604168
401,118,4,952506734
282,181,5,1424423574
30,10,5,1507762965
399,123,3,1549057912
330,148,4,1287298518
309,181,5,1402346681
147,190,4,985459993
27,29,1,1385734268
385,60,3,957626680
259,115,4,1307941307
34,96,3,1429159611
410,200,4,1567727964
417,166,4,1115018093
291,107,4,967621978
143,139,4,1278076538
280,77,4,1146940419
13,185,4,1187207159
293,48,2,1023851435
371,186,3,1306853325
226,162,4,1106325823
372,119,4,1506842604
194,35,5,981896338
187,181,4,1179341959
462,10,1,956233110
210,46,2,1530511497
135,55,3,1563818441
19,156,2,1564449124
87,20,5,1512222511
399,145,3,1313844123
467,4,4,1201945334
101,39,3,1051826729
296,97,3,998524794
156,74,1,1488715737
67,199,4,1261942370
465,92,3,1494319573
102,185,4,965672996
461,91,5,1237868125
363,168,4,972811499
60,48,4,1544197865
403,200,2,1082491819
476,165,5,1263048867
337,88,5,1541671520
286,172,5,1401815575
188,139,3,1188933065
256,200,4,1530196679
329,71,4,1290206968
43,8,4,1107975662
476,35,4,1178323457
61,115,1,1451183480
308,164,2,1477424578
249,175,5,952827253
465,78,5,1424570293
458,67,3,1279829495
191,153,4,1030911406
222,21,5,960460830
377,116,3,1179082261
405,1,1,994052564
46,137,3,966959188
479,59,4,1098094143
6,53,3,1423698052
73,174,5,1328807723
447,106,5,1245277171
26,53,4,1232058258
303,136,1,1449389545
419,53,2,1339786297
261,16,2,1550786277
250,180,3,1046099447
194,111,4,1008205916
211,172,3,1577653734
50,118,4,1339059159
20,14,5,1120670375
34,124,4,1399132230
80,71,5,1360144333
172,33,3,1317966483
423,24,5,1492929263
216,104,5,1533902501
330,80,4,1286011820
317,198,5,1304979636
384,179,4,982183973
318,18,5,1126559718
448,77,4,1089864820
305,169,4,1391771937
356,125,5,1028475647
100,146,3,998302249
274,121,4,1209961097
37,177,4,1071224886
145,9,5,1480743853
392,119,4,1410359614
220,174,4,971347782
251,26,5,1443287797
46,14,5,1228252034
28,125,4,1536781073
419,77,3,1369458673
389,75,4,1354209466
239,47,4,1236219085
113,109,4,1093467808
442,120,5,1208561934
260,56,3,1571516765
418,95,5,1153680235
231,116,2,1256268520
200,78,5,1063619476
311,76,4,1326903805
251,132,5,1405041906
48,123,5,1499538951
140,41,2,1062418663
440,14,5,1030533631
104,95,2,1286767967
89,95,5,1281878159
166,171,4,1348739030
142,134,5,1405816317
316,140,4,1407539973
63,38,4,1563236477
180,40,2,1544829415
225,34,5,1548263995
313,174,5,1176264615
173,183,3,1270430724
351,13,3,1277221843
481,62,5,969552023
354,7,5,1484075388
68,170,4,1415675441
490,87,5,1030444638
379,107,1,1190691096
89,125,5,1082408968
247,166,4,1159240918
433,68,4,1053969600
310,158,3,1179998568
492,100,4,1564174854
392,156,3,988437576
217,120,4,1176155018
287,12,4,1488030157
435,172,4,1000726772
273,163,3,1334884732
132,87,4,1361530046
332,181,3,1478950951
397,180,5,1123756913
79,61,4,1385406030
34,70,3,1166411120
20,59,2,992554016
102,120,4,1307023800
83,129,3,1265572634
454,187,4,1370328285
110,151,4,1139089682
51,87,4,1381615442
42,57,4,1195645559
166,62,5,1124922950
178,180,5,1435879029
19,9,1,1035034601
237,50,2,1359513552
150,141,4,1570683487
414,8,4,976026177
432,172,4,1021557076
350,100,5,1243498505
304,183,2,1332221365
462,168,4,1409617524
402,96,3,1142699949
87,99,5,1387632564
472,192,5,965499791
360,70,3,968280076
108,47,4,1409082686
290,157,4,1020345045
371,64,5,1093517615
268,151,1,1324512982
358,96,5,967902784
303,58,5,1483670776
461,118,5,1124386418
21,152,4,1251733009
277,54,4,1478495463
111,116,3,1317122170
384,151,4,1039333409
120,70,5,1265859554
167,42,3,1380141903
2,152,2,1209668032
326,69,4,1013726907
247,178,4,1118608870
431,195,1,1478783770
304,88,4,1564704570
136,55,5,1544245889
253,113,5,1560653632
166,11,4,1380831546
346,55,5,1097526211
133,188,4,1026387123
138,174,4,1143880234
154,183,3,1418626970
402,104,4,1358778089
69,114,3,1517631461
387,95,4,1217144932
125,2,4,1133386480
426,162,2,1551648707
173,75,4,1397441668
217,49,3,1191176225
201,198,4,1029018770
206,40,3,1249313756
42,123,3,1036721088
365,53,3,1399409412
24,28,5,1469917328
229,20,3,1334576910
307,176,4,971469615
3,193,3,1436076021
425,77,5,1297833343
47,4,1,1346880905
284,121,5,1347351066
248,140,4,970675757
481,74,5,1488088739
398,112,4,1273466228
110,114,5,1126672018
227,182,5,1145051936
397,128,4,1047440543
459,112,3,1361382439
438,109,4,1087180137
355,196,4,1017026231
420,182,4,952901418
219,41,2,1369899138
3,84,5,1185797698
426,107,3,1484183187
395,96,4,1310620271
370,13,5,1004658094
214,156,4,1026567588
277,14,3,1128510055
316,124,5,1490789358
124,157,5,1278347250
90,38,3,1053450840
360,116,4,976449422
401,128,5,1232575023
133,69,2,1114954125
50,154,4,982799622
383,16,4,1206601143
105,132,3,1123586167
273,111,5,1562010319
349,38,5,1229381821
121,48,5,1563782428
228,114,4,1156458541
255,161,4,1504689092
326,67,5,1369716067
417,36,5,983835668
27,72,2,1543513055
384,26,4,1507901589
17,7,4,1010534911
293,38,5,1182932352
409,42,4,1375888948
235,184,5,1401289516
27,52,3,1525109461
272,66,5,1265936373
81,70,5,1323399693
422,111,4,1076030170
285,128,4,1516528351
444,117,4,1349782826
132,56,4,1347954136
137,131,2,1394243930
100,129,3,1574761589
144,51,2,1366465625
104,127,5,1142545113
156,53,5,1313845051
187,108,3,1032939290
423,25,4,1161587095
252,60,4,1081249518
66,142,3,1441586153
96,176,4,1431497641
367,104,5,1271188871
237,100,1,1164249114
137,167,4,1096462169
71,7,5,1015292866
493,138,3,1249501268
181,101,5,1351444024
91,103,1,986424090
438,113,2,1060584982
176,170,3,1339741826
412,191,3,1000780080
470,94,3,1096153876
356,53,4,1319758155
345,54,4,963597040
49,135,4,1251076444
269,3,5,1554646493
358,134,4,1157495622
482,127,4,1076990872
469,60,3,1351311899
496,58,2,1046881540
210,188,3,1121245002
54,112,3,950575349
438,48,4,1529995141
418,191,3,1504603286
382,84,1,1381837227
105,160,5,1261050932
14,180,5,1537511047
168,150,4,1397635063
444,60,4,1269635998
21,81,5,1272464753
234,149,4,1218050051
497,9,5,1085829316
237,23,3,1466374831
446,188,5,1226631759
389,7,5,1075264648
338,45,4,1123737623
476,10,1,959490735
238,199,4,960703156
296,100,4,1133074263
239,69,3,1298829403
254,197,4,1264979434
295,118,3,1018257252
251,82,5,1141919824
165,110,4,1326885254
78,178,1,1322548034
357,44,4,1085456332
48,82,4,1478282320
445,84,4,1058723681
465,190,3,1420822827
47,103,5,1095334773
53,92,4,1352397851
2,101,4,1282871126
58,180,4,1353457570
75,176,1,1393857994
329,78,5,1091808102
304,67,2,1358784863
455,119,5,1308047953
188,191,4,1090299861
474,106,5,1367614866
47,65,5,1204297521
286,126,4,1276227548
353,170,3,977367529
133,178,4,1302218190
212,8,4,1092832788
350,190,5,992606553
289,154,5,1267618362
271,114,5,1210849921
65,172,4,1321368085
362,146,3,956430493
10,186,5,1151176709
323,41,1,1179484533
60,88,4,1400327829
408,40,4,1495795239
262,112,5,1002194028
215,110,5,1223302676
318,138,3,1029031816
196,39,5,1135253665
487,61,4,1280956110
306,132,4,1415648135
27,193,5,1120540605
422,26,5,1070190045
431,115,4,1535384420
387,160,3,1356234509
176,81,1,1528525868
488,19,5,1400768334
66,75,5,1056449865
67,197,5,1026247244
426,168,1,951183248
296,194,2,1489515141
194,149,4,1303090082
369,29,4,1083933476
279,97,3,1030216692
280,175,5,1555177337
451,66,3,968175305
36,131,1,1184815957
497,170,1,1285628704
316,93,4,1011471685
493,83,4,1290143991
130,175,4,1321116314
71,148,3,982383254
397,81,2,1246766227
380,13,5,1099263825
224,175,4,1314208217
408,35,4,1562380556
431,50,5,1170101122
179,40,4,1438485170
235,1,5,1078680864
391,117,4,1161666826
411,142,3,957989805
332,10,4,1551862637
18,86,5,979993189
128,104,2,1021548421
341,51,3,1501223576
395,44,5,1026737353
50,5,3,1319570043
88,57,4,1508794383
60,100,2,1341925822
236,192,5,1395992977
80,171,1,1212017790
387,126,5,1088319683
204,172,4,1298116724
336,191,4,1129034805
334,127,1,1339315403
165,132,3,1073714681
44,195,3,1030393931
467,62,5,1548110728
249,181,5,1577600758
393,140,4,1524667073
331,11,5,1138699615
134,181,5,1015515505
113,107,3,1134958610
327,159,4,975759629
103,124,4,1442327290
356,165,4,1171077880
348,50,5,1329824035
373,27,1,951544448
273,137,5,1309938015
322,32,3,1006946717
84,166,5,1570939512
261,63,2,1096506061
201,152,2,1184425048
196,25,5,974548486
234,141,5,1090951594
57,164,4,1084393041
72,27,3,1495602212
215,71,4,954041305
260,106,4,1532401119
349,74,5,1125527539
435,18,4,1037463439
449,130,4,1571227622
284,193,4,1457152756
100,13,5,1412721512
86,64,5,1414777778
79,186,4,1261709801
63,76,5,1226744052
81,105,4,1337936498
185,71,5,1065070105
245,140,4,1432139694
79,166,5,1206699335
127,109,3,1372034788
417,6,5,968269160
37,142,3,1094877798
333,141,3,1101561563
442,18,5,1289336613
288,194,3,1196513432
220,186,5,1182078017
158,104,4,1442545150
214,69,3,1461840908
474,31,5,1172185519
87,48,5,1308624077
440,18,5,1135923763
272,77,5,1294244251
361,77,5,1474996270
462,51,4,1348400031
486,195,5,947719349
372,144,4,1462464351
56,23,5,1363090981
456,158,4,1006646221
22,108,3,1073566586
15,114,3,1132313676
469,113,4,1436700796
441,186,3,1285717391
156,98,5,1312741800
48,159,3,1237784608
161,103,3,960092182
444,30,4,1302029263
39,45,4,1178176220
288,184,5,1285565580
404,79,4,1525637059
182,34,4,1243686008
111,94,4,1535655854
282,84,5,1373922899
75,122,5,1168329494
421,41,3,1325012332
338,177,5,1408330441
66,24,4,1227817755
117,114,2,1177466669
325,114,2,1297146810
386,15,2,1345903686
404,98,4,1291043444
470,31,4,1480277394
452,24,4,1212978395
182,167,5,1411457269
176,163,3,1133042029
47,192,5,1305038114
350,145,4,1241912220
454,124,5,947742780
360,39,4,1302789539
370,37,5,951612186
123,83,5,1084594376
102,81,4,1178483139
48,57,5,1367209296
456,46,3,960469130
287,139,4,1205282231
38,21,5,1393829129
410,136,5,1340100923
328,119,5,1071604492
87,150,3,966617980
241,155,5,1569911276
256,26,3,1563651050
69,97,5,1448182380
8,38,5,1551289323
321,67,3,1475660510
328,43,4,1452576508
419,39,5,1559759352
336,77,4,998360211
310,162,5,1105268996
345,146,1,1304005300
306,72,5,1493754195
269,20,4,1565394606
147,173,5,1529054389
6,14,3,1500753522
439,162,4,1190813186
431,2,4,1191292184
316,24,4,1084396557
182,134,5,1217674387
371,190,3,1215070118
436,32,4,1363348296
283,110,5,1329446857
447,17,3,1027349859
337,116,4,1323593912
190,182,4,1337967982
436,23,4,1245692354
290,33,4,1187428140
147,87,1,1483639288
78,66,3,1387067281
256,198,5,965077287
476,27,5,1550843558
470,56,1,1424428654
13,126,4,1362364749
56,28,4,1408657463
425,119,4,1116129635
492,4,4,1279047383
84,46,4,1176163031
7,77,4,1452554820
172,141,4,1074755021
416,188,5,1396566007
281,52,4,1542367633
295,15,4,1174836147
216,72,4,979571471
252,118,3,1509846088
249,99,4,1445376870
466,140,4,1027465877
379,127,4,1352825088
322,64,5,1027814721
437,15,5,1490615271
294,168,4,1112399177
364,17,4,1548189799
39,196,2,1361365934
36,64,3,1531803880
13,146,1,1032668096
228,8,2,1001031124
155,19,3,1038029106
299,99,3,1380952498
362,112,3,1112263690
336,180,5,1295495461
303,72,5,1551531101
77,62,5,1472886437
125,84,4,1338578417
79,23,3,1484079964
173,8,1,1142571676
2,113,5,997162987
276,180,4,1329509831
283,175,4,1159623429
444,45,2,1363498620
146,120,5,1052222106
391,172,3,972610398
300,107,3,1018425477
409,159,2,946948169
421,155,5,1032161023
322,85,3,1120578676
300,106,5,997215489
247,56,5,1476615754
247,81,4,1008874383
481,45,5,1260593349
148,99,5,1178610009
250,140,4,1523044443
475,42,5,1327360516
361,155,1,1308613978
116,49,5,1421119872
348,58,4,1285686099
409,77,5,1370414998
244,158,4,1201540566
267,159,1,1232713932
268,194,5,1086322806
36,145,4,1142048021
102,7,5,1187555850
280,195,4,1280111225
322,61,5,1146579122
428,95,5,1202156249
492,140,3,1176657328
309,184,5,1181592391
108,33,3,1173638581
309,49,3,1069654832
358,122,5,1202774489
346,193,3,1164625523
149,146,5,1290118905
141,152,3,1109628626
111,108,5,946928561
14,134,5,1104793814
158,30,2,1228627421
297,94,4,1288230947
320,98,5,981181383
270,31,4,1283105731
193,55,3,1011767117
168,153,4,1257419266
325,102,4,1029989031
294,166,4,1505594717
414,120,2,1064562850
488,161,1,1506066341
394,185,3,1325868515
294,144,4,1440714715
255,97,4,1510250987
387,43,4,1174428737
157,132,5,1062049035
258,145,5,964800239
214,171,5,1269730543
126,85,5,1454882363
172,5,4,1201560308
402,149,4,1166614387
226,74,3,958022679
224,38,3,1569497200
418,75,3,1029450646
124,86,1,1440580136
175,20,5,1257736256
45,130,4,1559799587
91,134,3,1380587619
202,94,3,1130963581
260,5,3,1545604090
173,80,4,1432828685
376,152,4,1565742755
423,189,4,987752549
59,96,3,1018222599
350,27,3,1434283352
120,174,4,951075541
146,12,5,1311626220
423,89,3,1117356489
482,77,2,1296855525
425,137,4,1055134733
357,73,1,1033497639
54,3,4,1421420064
352,71,2,1256351153
175,46,5,1514528978
307,54,4,1138450384
374,156,4,1399531891
249,147,5,956709254
157,171,2,1404209904
363,120,1,1223941195
42,13,3,1056545714
500,113,3,1538223332
3,79,4,1333731884
150,23,1,1106689008
324,54,5,1238784278
367,60,5,1512386413
55,117,5,1047628855
429,73,5,1290762336
65,69,4,1136522347
198,156,3,1093529255
399,134,5,1331572803
203,85,4,1007869265
99,131,4,1557051252
30,38,5,984455333
360,143,4,1171670684
112,188,3,960318312
499,146,4,1245262011
166,140,4,1020894547
201,129,3,1475536660
23,137,3,1513549494
366,116,4,1493402070
219,167,2,1497276790
27,174,5,1203371739
223,96,3,984617255
227,95,2,1037518677
429,41,5,1377464584
191,79,4,1204556437
272,32,4,1356507149
251,38,3,1039218871
302,43,5,1402579051
48,198,5,1500080427
71,8,4,1177909008
52,45,4,1268902224
373,38,3,1495719790
231,6,4,1349070052
419,186,3,1417966341
13,187,3,1417278067
356,2,2,1220718279
429,137,4,1269757361
463,32,3,1467179213
310,47,3,1103685916
431,63,3,1368771044
37,107,5,1480534435
372,64,5,1408997443
78,167,2,1260337495
208,15,4,1175906960
342,118,3,1052720721
312,174,4,1180192655
197,2,4,968563226
287,169,5,1255362752
306,1,4,1069262585
28,86,2,1554224552
332,147,4,1558480762
418,167,5,1352242798
249,7,4,1376243694
180,188,4,1113412713
24,26,5,1301141357
346,122,1,1513827444
206,2,5,1544491848
71,176,3,1246288885
9,86,2,974203336
27,93,2,1006735786
488,7,4,1437009875
300,167,5,1366714693
281,59,4,1561125735
342,112,3,1252515312
429,146,3,1112541883
362,2,5,1209133231
103,56,5,1519427309
217,4,3,1160608002
257,17,5,1360060335
62,69,5,1274477805
162,177,2,1182987566
487,91,5,1531882737
178,89,5,1107986893
270,25,3,994593390
193,106,4,1538609097
10,123,5,1472684891
71,137,1,1392837345
380,151,4,1437179608
441,179,4,1089369879
139,52,3,1564920716
190,84,1,955802335
264,56,4,1288611026
198,44,5,1013245972
249,42,4,1194782537
244,157,3,957306640
286,26,3,948935277
19,53,1,1152265959
213,181,5,956133936
147,124,4,1322759744
37,121,5,1364796858
224,118,5,956065438
204,99,3,971611781
271,143,5,1136362188
300,170,4,1213485857
64,157,5,1422342730
59,21,5,985697308
319,73,3,1244470980
168,129,3,1336996544
122,62,3,1026392251
302,5,2,1381408601
437,70,4,1355566446
167,98,2,1472391659
336,166,4,1060891827
133,139,5,1453400738
163,22,3,1278864970
96,117,3,1525304707
18,51,5,1498919929
137,80,4,977625496
452,169,5,1384070568
38,117,5,1469051156
399,3,5,1156930929
430,16,5,1268607598
263,142,4,1041021326
436,72,5,1157453535
122,115,4,1364003925
404,80,4,1544082097
242,130,5,950847921
189,41,5,1395392842
232,5,3,1190632010
261,113,5,993036195
79,19,4,1331208592
204,184,4,1315239259
210,146,5,1054498765
56,80,4,1471387727
465,135,3,1179085524
387,83,5,1377177413
398,132,2,1293628892
483,180,4,1005322583
483,172,5,1568761847
324,66,5,976310649
189,158,4,1345202994
246,88,4,1173233896
241,74,3,1495812754
71,57,5,1327903784
298,180,4,1413798245
445,75,3,1191065659
456,25,5,1415035217
115,172,4,1205329289
199,50,4,1354346013
30,82,1,947330252
148,177,2,1182956512
230,115,3,1084201299
55,195,3,1054686394
128,32,5,1187547265
341,134,3,1057525737
36,160,1,1263520136
459,87,3,1331058224
130,195,5,1383258490
419,122,3,1376487838
348,190,5,1293919195
409,75,5,1191781101
418,194,3,1048356978
389,20,5,1554229693
478,32,2,1277008765
166,183,5,1550116181
250,123,5,1244477241
320,76,4,1160942429
95,40,5,1508150942
155,186,5,1167326917
261,115,4,1372827784
271,105,5,968506055
495,115,4,977510354
295,134,4,1538955739
337,147,3,1171521054
331,79,2,1460750294
67,62,4,1406176280
107,148,3,1492826837
178,121,3,1483457161
149,29,5,1080093580
47,151,5,1127098206
132,116,2,1092590516
130,68,2,1348066272
198,135,1,1045113278
65,39,1,1314459531
406,77,5,1412708565
166,187,5,986307967
319,189,5,1455099425
295,41,3,1532585152
374,79,3,1021828832
18,173,2,1444223620
210,127,4,1373515299
481,151,3,1471871905
280,145,5,1328831824
15,153,2,1164895606
358,194,4,1022562975
277,196,5,1142321241
226,14,5,1003672737
420,83,3,1510713885
333,191,5,1288315660
207,174,4,1508832108
471,36,4,1030164610
482,19,4,1576639463
241,135,5,1118539900
142,46,3,1104004750
307,110,5,1203141170
63,68,3,1483510611
408,6,4,1241642338
207,157,5,1085543682
412,74,5,1030191919
336,123,3,1077240675
451,197,4,1490450316
152,172,4,963020639
109,120,5,1454651979
307,21,4,1024672660
449,76,4,1381688581
65,86,5,1264409730
426,190,5,1515021374
148,149,3,1438638815
10,87,5,1446631259
113,30,5,1033518372
55,49,4,1362266155
499,22,5,1214244328
149,16,4,1452770347
47,114,3,1468027743
207,197,5,1151190641
301,196,4,956112943
343,15,5,997814082
352,168,4,1291708941
447,81,3,1487563086
442,15,4,1327825611
10,42,4,1377120478
267,118,3,1078912110
334,147,3,1521417571
437,90,4,1336075502
432,158,5,1548368456
122,190,3,1216734211
421,136,2,1011886149
47,5,4,1000085137
340,156,4,1403917469
1,86,5,981408196
31,198,5,1461623004
383,156,4,1554632500
396,20,1,1054292854
437,192,5,1191074800
273,176,4,1100961922
273,189,4,1010456025
343,6,4,1037524918
254,186,5,991196645
285,151,4,1144138377
91,177,4,1310333340
443,45,3,990561902
357,128,5,1073139042
262,67,4,1325963784
28,38,4,1381093652
475,190,3,1357629989
305,39,3,1248354580
1,160,5,1052499396
30,115,5,1143649426
492,59,4,1349541795
311,44,4,1533077988
438,176,3,985796492
122,144,4,1435290863
247,155,3,1082633462
291,156,5,995431229
242,110,2,1559150559
294,189,5,1176095161
423,148,3,1430822323
342,115,4,1238482004
66,117,5,1128512022
205,64,3,1308655624
369,135,4,1366155649
132,78,3,1154920193
360,192,3,1142531544
490,49,2,1238425620
87,160,5,1149912804
16,40,5,1325905128
146,35,4,1507817278
53,91,5,1388674753
369,31,3,1147250404
17,78,2,1274815013
291,129,2,1533223196
388,61,3,959114779
178,90,3,1334571921
351,187,4,1379628681
360,76,4,1469025163
75,179,5,1569019805
9,53,4,1559838272
426,49,5,1365998130
91,200,1,1493516886
79,159,5,1247570247
478,58,5,1021709827
495,22,5,1322275749
161,176,3,1543939184
26,136,5,1226435337
298,37,4,1044082003
49,142,5,1455477713
44,194,4,970284176
394,18,1,1085525428
1,61,1,1236734307
254,159,5,1403038145
410,131,3,1142054892
40,121,5,1510173073
169,198,2,1365762062
37,186,3,1295033469
329,135,5,1148312457
446,154,4,1259196823
78,169,4,1324067820
280,155,5,1486587114
355,122,3,1017539714
335,85,3,1075913907
262,130,2,1352767015
353,189,4,980012227
413,190,3,1493758419
297,113,5,980117621
448,79,4,1300070703
404,118,5,1145351770
318,88,5,1573871852
199,89,5,1561855950
477,178,3,1470163871
87,39,4,1379160515
192,148,3,1208490956
223,116,4,1244140095
89,32,3,1084638096
117,77,4,1370050053
432,116,3,1259278376
335,60,5,1418567404
465,71,5,1269178252
465,15,4,1002740622
238,117,4,1544482819
483,52,3,1262728285
173,84,4,1134273558
185,178,5,1533478442
138,76,5,1426163985
78,22,5,1197317888
497,107,3,1007187470
36,47,4,1335533471
186,174,5,1331398504
251,167,4,961874486
2,194,5,1511792498
413,110,4,1486341990
71,164,5,1395788784
228,45,4,1178710942
162,50,4,974506233
446,171,5,1185094030
432,49,3,1355790985
20,70,5,1488291745
242,167,4,1329255350
26,25,2,1204680521
186,12,4,1431159576
208,133,5,1153718405
282,113,4,1341702024
45,14,5,1052279048
15,37,5,1254404596
340,72,3,1314023444
185,105,3,1461086905
351,118,1,1423238314
349,42,1,1377161870
47,85,5,1034848094
441,157,5,1185326325
14,163,2,949827997
90,135,4,1546063906
242,127,4,1138054078
292,91,4,1251118101
328,15,3,1474090995
192,4,3,1508186224
30,143,3,1526682511
111,104,3,1181994234
162,27,4,1112841754
73,197,5,1498605214
259,30,4,1399851867
416,170,3,1428701983
355,86,5,1253216447
118,158,4,1546444062
87,40,5,1247481240
420,152,1,1442997030
46,138,5,1345653283
412,144,4,1082295303
490,75,4,1043288637
381,38,5,1315985209
337,129,5,1252158453
296,184,5,1533319789
216,74,2,1386622694
74,164,4,1102103537
379,57,4,1292078189
173,79,5,998690268
452,50,2,1470070004
233,143,4,1112026654
405,60,4,1140562728
430,45,1,1184671205
51,164,5,1277534722
270,177,5,1577155439
178,14,3,1444244538
337,3,4,1291641340
450,162,3,957549448
350,84,3,1216859002
281,102,2,1368102152
103,190,4,1073791672
37,16,3,1439605271
282,20,3,1311142630
29,31,2,1332709085
341,44,4,1404611093
330,87,2,1530973665
397,132,5,1484591382
97,98,3,1014946402
145,156,4,1521949386
185,97,4,1525041473
482,117,3,1210420035
204,26,5,993046875
323,84,4,1244895889
181,191,3,1256520346
287,106,3,1504903562
162,191,3,1183973522
260,77,4,1566861596
25,184,5,1257354010
444,49,3,1221785728
168,81,3,1558899598
50,48,5,1089870915
364,45,4,965889652
449,97,4,980590144
336,146,3,1310155822
134,66,4,1266220182
246,107,4,1545509063
359,153,4,976689168
274,155,1,1041859280
363,69,5,1025145170
392,138,3,1129129715
176,117,5,1144605885
13,137,5,1353355364
152,108,5,1285714747
176,64,3,1239653100
241,145,4,1321955002
195,97,5,1238423946
106,2,2,1569782851
145,94,3,1573124060
260,166,2,1168929948
484,163,2,1162258582
231,46,3,1197823539
264,183,4,1246063911
249,159,5,1202463715
317,112,4,1318772058
36,112,5,1238375892
269,165,2,1494203797
167,58,5,1039748585
402,74,4,1376459289
327,7,4,1348918189
18,141,3,999472775
74,160,4,1061565944
176,63,2,1077974926
355,134,3,1109626206
128,112,4,979574009
180,82,2,1084002343
270,70,3,1489780696
189,1,1,1200531197
32,141,4,1505865751
347,4,5,1499641313
405,30,5,1298469604
58,172,5,1174851328
353,143,3,1541291361
209,180,4,972812419
205,196,1,1374735752
471,161,3,1152312067
321,106,4,1376348631
463,192,2,1142960648
273,149,3,1234568194
452,4,4,1238212742
26,24,4,1061555812
269,125,4,973879602
275,76,5,1384301815
158,46,5,1390388756
75,124,5,1443940285
58,18,5,1479503706
229,48,4,1342893729
254,189,4,1239218228
25,190,5,1144358749
397,170,4,1262493389
440,175,4,1024004241
35,160,2,1539601917
475,112,5,1023595481
42,109,2,1336831829
332,32,3,995163644
126,52,4,1307793703
187,14,4,1511776732
427,144,2,1351981492
418,3,5,1324440073
308,157,4,1141953867
347,69,5,1203345878
33,68,5,1131677780
88,172,5,1376317551
216,177,4,1354649328
114,194,5,1474408856
132,179,3,1421727467
450,198,1,1193656276
457,119,1,1084800147
283,8,4,1330104091
471,198,5,1052863366
188,4,1,1323519886
448,13,4,1080411782
360,6,5,1192894566
434,30,2,1122660379
118,84,2,1048386830
346,195,2,1493643624
239,106,5,1125248478
499,77,5,1286574357
62,154,5,1004420992
235,137,2,1319104490
173,130,2,1277062865
16,127,5,1146441579
203,134,2,1059456961
480,95,4,1201242690
114,159,5,1076226903
385,172,4,1491491866
486,176,3,1102516107
67,30,4,1477146785
32,117,4,1128318762
427,131,4,1573854563
367,40,3,976727049
166,22,5,1131341124
419,194,2,1083218160
402,171,3,1210930935
486,135,3,1239884460
383,86,2,1484969099
116,88,4,1049598152
333,40,1,1317077072
391,17,2,1265933441
483,92,4,1230951444
117,53,4,1045592712
486,6,5,1267428457
375,35,4,1355885636
25,139,5,1160532313
402,1,2,1169074866
79,188,3,1374787005
129,85,5,1423651411
54,175,5,1247587462
150,121,3,1356511433
120,72,5,1113977613
302,123,5,1160271306
6,21,4,1308306918
344,99,3,1287137514
485,83,4,1142712893
418,22,3,1050510729
66,8,5,1314944933
491,123,5,1410417417
301,65,4,1379969800
149,149,4,1068080761
320,177,5,953833503
70,113,4,1539508870
111,27,3,1264632475
207,194,2,1555259217
342,10,4,1497224864
391,131,3,1174724269
61,164,4,1422803535
246,133,4,1061446309
486,178,4,1502527927
319,120,5,1109884274
218,127,4,1202610176
392,127,3,1549330813
214,115,4,1258852272
67,19,5,1544306902
33,119,4,1347281094
185,134,5,1328054384
77,4,4,1185849151
165,159,4,1227958791
168,93,4,1240253159
81,87,5,1296034049
63,51,3,1448705438
7,158,4,1038977714
243,56,4,1495335789
50,122,4,1382944128
478,185,3,1261766872
454,82,2,1316517943
67,17,4,1313804039
41,140,3,1424776163
373,182,2,1088021514
316,68,5,1073765180
17,66,5,1388348361
263,16,5,1519618792
4,157,2,1089166725
129,167,3,1058449214
313,195,5,1058952678
277,158,5,1358175023
278,182,4,1090603094
439,172,5,1516748880
463,74,4,1061924659
93,65,1,1433073425
303,66,4,1246582933
86,26,2,1122293566
107,134,4,1228229574
152,75,5,1575599343
51,130,5,1572505971
374,167,3,1367097407
202,6,3,1296253557
110,99,5,1482408316
117,96,4,974251458
376,15,4,1372640913
371,147,5,1211612378
304,158,3,1486421242
486,127,5,1542769434
84,192,5,1020350713
302,30,4,999892228
67,23,3,982353796
407,82,4,1526956308
2,22,4,1239763399
68,64,5,1430328831
343,82,4,1157388892
343,97,5,1515323601
182,172,3,1400128731
19,31,5,1376170903
325,193,4,1234738161
169,12,3,1397337056
147,182,4,1106117190
31,180,4,1048203423
138,105,4,1089611353
222,75,3,1518374267
404,127,2,1292787543
353,105,4,1011119294
488,21,5,1462096084
452,113,3,950672222
474,190,5,1063933664
277,80,1,1265208169
121,124,3,1167833921
216,56,3,971208704
321,28,5,993106631
65,51,5,1467547979
425,199,4,1313837963
239,104,3,1099267326
270,34,4,1087876176
35,119,4,1027417713
498,36,3,1133776498
42,69,4,1463798694
69,180,4,1505488686
204,36,4,1559941073
497,51,1,1389718433
240,97,5,1447766524
189,57,5,1011501887
315,38,5,1189003131
481,126,4,1157368305
21,148,4,1013731928
431,175,4,1297541735
232,190,3,1302518721
460,122,4,1446166814
16,41,1,980451968
367,12,1,1197487665
20,194,5,1012892437
108,189,5,1203345594
20,164,3,1466969197
131,93,3,999215620
123,184,4,1081805090
211,7,4,1399375955
87,153,3,1128504988
95,18,4,1144451189
132,193,3,1480704526
182,192,4,1141912142
292,20,5,1248833309
55,66,2,1297929852
197,130,5,1315681953
226,56,2,1157697816
340,153,4,1013250363
111,171,5,1017721190
204,112,4,1486817077
16,183,3,948890149
301,126,5,1253140631
371,158,3,1148526330
373,80,5,1519218230
4,182,3,1574725242
133,100,1,1340399377
172,31,5,1265618708
175,30,3,1303481900
330,158,2,1291039700
173,104,5,969152718
212,84,5,1448071029
380,32,3,1379998884
269,93,3,1560569687
223,20,5,1524173384
405,115,2,1432539982
26,54,4,1295592228
489,125,5,1316122333
83,34,4,1093941058
453,113,4,1505843789
142,185,4,1417944959
72,147,4,1354230696
331,45,2,1255263607
275,154,2,1169681188
240,137,4,1341643359
180,182,3,1004980191
197,136,4,1091725570
408,13,5,1511330247
179,170,4,1331977534
154,146,2,1081792440
7,112,4,1055338959
375,120,4,1064263031
115,128,4,1526571395
356,4,5,1076962994
145,145,5,1445904397
278,180,3,1096933463
94,8,5,1041274663
246,193,2,1479633175
457,188,5,1417601817
265,148,5,1203405673
36,73,4,1373138884
457,37,5,1256060777
363,96,2,1109562979
299,37,3,1344806552
221,149,5,1044707395
392,96,5,1356410352
77,21,3,1398980799
488,154,4,1151482358
437,161,5,1375629329
163,140,5,980378476
223,10,3,1016384754
451,167,4,1098644842
413,150,3,1315725884
43,177,3,1389148880
31,181,4,1198255742
294,185,2,1320032893
328,149,3,1496677410
48,143,4,957196805
239,68,5,1452697594
22,155,4,1339798002
470,9,5,1440921032
399,190,2,1548713415
58,115,5,1413586319
75,106,5,1551781777
419,43,3,1149660775
219,59,4,1232421038
142,135,4,1163281694
221,106,5,1069061754
51,29,5,1304788735
346,25,4,1035768171
240,105,4,1210623554
90,178,3,1278513737
322,88,3,1278256354
471,160,4,983794322
322,60,4,1327406455
85,163,2,970885914
344,7,4,1001803936
58,177,5,1016977629
200,168,5,1030158147
385,79,1,1535387118
353,180,5,1132712035
145,181,4,1481736697
285,136,4,1433507456
285,164,4,1130948036
309,124,3,1494853003
52,129,3,1415540321
427,71,4,1432184706
285,22,4,1436805661
151,120,4,1495575828
276,151,3,1130085268
257,143,4,1415828987
290,6,5,1125243380
118,197,4,1263643136
397,171,4,1482828019
387,58,4,1195991911
17,173,5,1011403833
184,182,5,1574599580
102,123,4,1361848805
117,104,4,1378696918
31,164,2,957540516
195,36,3,1488494003
49,6,4,1577392885
224,23,3,1124664301
212,44,5,1239484269
186,50,5,1378138691
447,186,4,1281904978
118,109,4,1163972011
436,67,3,1035688379
74,49,4,1102578738
48,72,3,1522511540
159,18,4,1171819642
495,7,5,1064858754
107,63,3,1228572901
406,61,5,1032970420
26,115,2,1389546711
116,136,3,1080979860
387,31,4,1212087194
73,185,4,1270331609
476,44,4,1176718068
498,80,5,1177547745
366,28,5,1255433360
314,127,3,1208017054
450,88,2,1375693264
107,55,5,1483730523
123,178,5,1570424194
207,180,1,1532070564
15,87,5,1576459337
120,137,5,1359994116
25,56,5,1298818521
320,200,5,1173233368
368,76,3,1447240073
201,62,3,1328275546
60,147,4,974435086
221,47,4,1433052075
308,46,4,1030233811
47,91,3,1225857552
89,174,5,1091513950
156,178,2,1100901147
342,56,4,1189844277
428,170,4,1086810715
185,47,5,971087845
309,34,3,1524234700
392,123,4,1081210821
230,21,3,1464505350
90,79,5,1561460905
407,52,4,961737199
181,104,1,1207686829
2,119,4,1237717054
3,174,4,960731264
361,22,5,1501124975
220,173,5,1214902720
277,4,3,996020115
215,54,4,1378836733
409,15,5,973007160
313,79,3,1068750370
202,14,4,1268566909
14,99,5,1092178793
260,164,4,1132286239
137,103,4,1117059522
116,148,4,990022777
446,186,5,1245260610
331,176,3,1228172302
32,181,5,1101959275
277,41,4,1363498130
231,48,3,1219915940
31,74,5,1204206310
110,20,4,961763797
44,82,3,1430102742
321,55,3,1419412480
256,166,3,1261271048
351,199,4,1107036655
485,52,5,1280315296
260,87,4,1449464221
392,133,5,1309278168
466,166,5,1025347629
437,26,5,1225893223
379,67,4,1128228761
83,108,3,1086191014
123,36,4,1146609327
282,191,3,1426197849
405,146,5,1322952709
171,159,5,1027202324
465,120,5,1136680251
434,31,5,1034381185
362,195,5,1403521542
204,147,5,1516406909
399,78,3,964300410
398,131,2,981372667
310,134,4,959568589
334,20,3,1403264827
355,173,2,968963969
361,173,2,1289127319
413,195,4,1167553089
84,182,5,1483521968
32,61,4,1536031038
102,35,5,1084400880
321,14,4,1338603010
238,24,4,1041490060
228,142,4,1577172678
426,99,2,1169285320
47,81,4,1448280654
146,152,5,1366553492
254,64,3,1433980765
162,130,3,1390653270
493,147,5,1232260588
328,103,4,1336739845
199,112,2,1428892622
436,126,4,1422345976
483,68,3,1378970206
294,138,2,1076476165
248,134,5,1549127875
441,112,3,982868711
7,51,2,1242171508
448,109,4,1197945665
92,106,4,1084638557
119,141,4,1340497943
57,126,3,1537231541
133,163,4,1149839308
325,44,3,1381672125
22,73,2,964624124
5,54,3,1566638171
38,142,5,1322763882
203,73,4,1577728366
172,125,4,1376077464
272,15,4,1355582978
195,37,4,1297950972
113,166,3,950399686
218,103,4,1334675997
363,55,5,1313855699
90,27,3,1511702703
268,138,1,1219309107
297,6,5,1420755216
272,156,3,1455953801
138,138,1,1539804439
275,68,4,948868521
396,146,3,1146984453
309,98,2,1052614536
475,170,4,1576358103
497,145,4,1072291388
467,46,2,1329682564
123,182,4,1466925711
81,91,4,1228320007
328,96,4,1461218257
294,54,3,1353978459
230,178,1,1094447240
264,110,3,1109118787
31,102,5,1038768338
299,29,4,1428888221
350,32,3,1381800919
63,154,5,1116364233
306,164,2,1393428124
422,121,4,1119195667
78,109,5,1501001903
397,24,4,1086335089
51,3,4,952412761
10,57,4,1103148501
113,189,3,999811765
302,196,4,1032731837
484,124,4,1441976276
4,65,4,1390356983
243,130,2,1537625004
297,89,5,1365548857
228,42,2,1144221608
99,50,5,1209731142
147,106,5,1563141468
122,77,5,1204453084
297,170,3,1302547786
329,168,3,1227762489
360,195,4,1141169377
352,49,4,953999057
462,158,4,1452754362
309,52,2,1511581326
121,148,3,1122906769
56,75,3,978515802
474,101,4,1475650225
2,68,5,1358921317
488,176,4,1387906652
442,36,5,1186649320
274,177,4,1235154318
489,145,3,1217773637
349,155,5,1306639295
290,18,4,1288013001
358,172,4,1472627724
308,188,3,1491786074
320,194,2,1291818454
199,102,4,1182708076
76,19,4,1034358032
50,39,5,1074079582
15,28,4,1017767033
492,98,4,1517107110
38,44,4,1468766548
282,164,1,1551467136
309,6,2,1280257140
251,123,5,966796082
175,13,3,1317638081
315,68,5,1522039153
373,10,3,1051475713
218,15,4,1205375497
406,89,5,1058114055
405,150,3,1539508908
91,168,5,1399443741
190,73,4,1492298104
198,190,3,1540712055
359,85,5,1296448105
410,181,4,962202214
28,167,4,1456443084
207,18,5,1029284342
139,160,4,1127269088
424,136,5,1224570621
355,78,3,1363155223
17,146,4,1348008463
260,162,4,1358750796
415,153,3,962068416
117,153,5,1257072593
6,66,5,1094140382
304,70,2,1079541807
321,172,3,1073107902
302,147,3,1402360774
366,178,3,1468870022
393,4,4,1095870981
82,21,5,971018984
360,68,4,1179880941
413,66,4,1145738394
60,118,3,1396093859
19,91,5,1145770589
217,155,4,978218393
28,64,1,1501525477
176,10,4,1424984035
380,19,2,1509996504
92,42,5,954241284
81,146,4,1510908052
214,50,1,1024032773
306,194,5,1533474617
363,180,4,1174063574
385,19,5,1367918337
56,145,5,1577310741
361,27,4,1368660155
365,156,1,1577753161
468,153,4,1380806357
117,154,4,1221798390
199,145,3,959750975
148,166,5,1570455225
272,179,4,1099532722
75,144,4,1078617594
332,40,4,1540468275
408,93,2,1049442131
338,78,3,1038549184
276,34,5,987736906
475,23,5,1254168258
318,140,5,1501529814
193,169,2,1182947018
483,132,4,1193316745
51,93,3,1431600391
249,102,4,1025859134
417,143,5,1288027284
144,184,5,1273405114
434,12,4,1275489440
212,177,4,957033907
438,167,4,1153690618
362,192,4,1478011673
327,135,4,1416177111
280,40,5,1203467400
259,182,2,1132562499
212,191,5,1009798890
218,93,4,1001387548
493,79,4,1193536106
212,34,3,1399014717
2,80,4,1565861295
96,165,1,1204228844
176,73,4,1191276407
29,188,4,1243466902
283,7,3,1414427628
324,170,4,1112079147
482,154,3,1573816700
357,8,5,1058186502
137,3,5,1153718641
172,86,4,1476089913
130,75,4,1171069601
147,39,4,1116071428
50,23,4,949431255
413,112,3,1137176601
463,57,4,1434405360
318,47,3,1511359465
482,187,4,1200866557
177,5,3,1501321422
143,52,2,1441332571
225,139,4,978794663
63,130,4,1146748391
158,16,1,1566181550
372,158,2,1234507327
136,123,5,1310338897
352,58,2,1427801204
48,45,3,992509524
462,121,3,1239311804
302,179,3,1530576937
301,118,5,1281135534
463,158,2,1042237217
279,61,4,1354414687
263,170,4,1421387020
216,28,3,1285051217
98,112,4,1004662885
257,43,3,1267758046
434,188,5,1244201614
125,161,4,1186508136
226,145,4,1084734185
6,31,2,1343734951
414,69,5,1542388588
13,4,5,975623298
140,65,5,1325105740
17,200,4,1121316146
273,34,5,1005429865
408,182,3,1026305325
432,103,3,1096380376
485,155,5,1169641584
266,153,4,998959297
375,112,4,1000413307
500,118,5,1197997377
290,101,1,1104016510
463,12,5,1493022329
287,78,3,1125607850
166,42,3,986380226
66,144,4,1375120872
400,31,3,985332891
4,138,3,1467684526
416,158,4,1541350691
29,144,4,1371844031
367,194,4,1265024237
227,118,5,978482403
254,31,2,1201352232
81,46,4,1481660073
407,112,2,965420319
467,88,5,1497020603
460,79,3,1056308870
211,71,2,1483614503
469,112,4,1575364664
367,71,5,1360077908
311,41,5,1257090720
168,34,4,1222827666
427,197,3,1186355063
10,120,3,1295851751
128,187,3,1243788263
143,129,4,1064883070
363,109,2,1015622528
11,58,3,1079730983
214,188,2,977921413
156,159,2,961743748
362,182,2,1004426533
265,78,4,959400028
369,190,3,1571189027
354,161,1,1469051658
112,186,5,1474431406
489,172,2,1036812721
197,157,5,1492116583
323,2,4,1402510631
258,65,5,1544529717
173,116,2,1052733288
69,166,5,1501267764
213,53,4,1392285205
139,162,3,1561713393
138,181,1,1101259940
108,28,5,1049929613
122,16,3,1203436072
103,98,3,1460774591
89,100,4,1426143185
77,59,3,1348231434
1,13,4,1045048844
288,71,4,1085836102
372,113,5,961236658
155,60,2,1267876423
417,126,2,1313871016
85,89,4,1047117974
459,33,5,1096930791
436,12,4,999223258
197,69,1,1140970746
214,162,5,988805137
233,115,3,1374834261
367,61,1,1374414814
330,48,5,1162731934
290,87,4,987854802
391,47,2,1388244220
77,3,1,1022153998
100,127,4,1063518659
389,90,3,1105611911
268,64,2,1330991546
195,50,4,1120267001
97,127,4,1360762718
77,121,5,1294939668
493,111,5,1043435045
334,11,1,1244919085
102,69,3,1342098002
243,166,4,1368001980
362,23,3,1223172802
476,161,4,1224982264
339,170,3,1251510200
240,1,5,1113455931
325,59,3,1011487393
101,97,1,1169598841
153,182,2,1376367426
399,4,2,1524660720
23,165,1,1012617592
421,45,4,1033917589
133,15,4,1576758967
50,135,5,1553750971
125,116,4,1576246828
187,88,3,1155869375
449,182,4,1055166516
300,191,3,947718487
306,111,3,1248225800
355,148,3,1217188307
30,65,5,947574315
230,157,4,1415647980
401,97,1,1201110399
88,50,3,1489332007
492,46,5,1215987851
397,64,5,1569595739
386,78,4,1277070465
196,176,3,1147286789
343,5,3,1554195721
171,147,2,1287905531
299,28,4,1402068119
182,166,3,1262224594
45,74,2,1082124993
33,43,2,1573794212
431,100,4,980039014
218,89,2,1075480323
406,22,4,985057761
346,109,3,1227062479
94,80,3,1237995619
483,134,5,1208365317
282,101,4,995323338
294,83,2,1551172953
56,105,5,988810322
388,10,5,1507532114
271,98,5,1012891538
113,63,4,1534701716
162,145,5,1301335233
435,65,3,1463821065
293,176,2,1490512823
119,164,5,1065905573
243,15,2,1035606872
478,53,2,980486200
55,52,4,1484359781
377,30,4,956827110
7,164,4,1144916716
276,49,1,1498880614
177,90,4,1218742314
126,43,2,1446489827
462,97,5,1225933996
88,143,2,1260796939
254,22,5,1218394329
334,140,3,1017379194
366,179,5,1048931000
311,82,5,1063338725
233,172,5,1051865070
363,102,2,1499155731
497,55,4,1040382522
39,185,4,984372089
113,169,5,1251685239
283,149,5,1226165284
450,182,5,1301980969
420,10,5,1518406325
493,167,5,1541244430
204,176,5,983938850
200,199,4,960585106
62,71,4,1364388473
227,127,4,1091753308
376,111,5,1152199027
326,138,3,1298738028
409,199,2,1121972217
420,49,5,1311560582
219,77,5,1180517663
154,121,4,1034464524
381,12,4,973482253
251,111,4,1152548471
442,41,3,1533138930
295,1,2,1248760279
482,98,4,1246077309
335,141,5,1296255806
99,151,1,1479995606
410,1,5,971914098
368,74,4,951979312
50,58,1,1471579576
342,18,3,1560137679
456,43,3,1528254838
225,159,3,1570095460
73,48,4,1058241895
471,11,4,1156457955
116,90,1,1495949452
157,164,5,1435494493
126,145,4,1468892023
152,182,4,1114025849
347,85,5,1540725248
463,195,5,1283724854
38,161,1,1266997709
368,148,5,1194464122
467,184,5,1139569623
10,52,5,1355944124
484,144,2,1129166894
342,32,4,1351754535
248,193,3,1298742449
268,85,1,1119691474
447,177,4,1404461475
234,54,3,980919282
416,124,4,1483048765
421,96,1,1046233574
166,158,3,1356693868
66,179,4,1181103891
37,102,5,1316568886
168,7,3,1334655657
344,176,5,1223744394
201,177,3,1178914901
296,51,5,1250606511
327,199,5,1404517356
291,108,5,1082470220
52,112,3,1572937788
332,65,5,1348336769
134,122,3,1120633937
255,140,2,1418553756
279,80,2,1139107823
361,45,4,1513437810
138,135,5,1111351661
15,77,4,1519133145
213,87,5,1353676732
307,166,4,1325836748
232,112,3,1037225547
423,115,4,1130926056
242,176,4,1403225706
242,153,5,1532224818
269,191,5,1370589052
438,101,5,1267956057
232,184,4,1564484366
32,177,3,1420980910
479,12,4,1385001988
393,148,5,1032715004
319,72,5,1386159517
125,16,3,1212850550
157,47,5,1100180733
22,185,4,1159650647
234,60,5,1550195129
259,162,2,1184105345
271,165,3,1510562516
448,111,4,1261866722
281,110,3,1462287021
188,102,3,1255490450
144,199,3,1010928916
287,129,4,1087711896
245,8,5,1425961350
136,19,5,1258057966
489,177,5,1390935464
446,114,4,1414515779
498,92,4,1000578900
150,118,5,1492097674
44,181,4,1010996723
445,67,4,1274645109
267,139,5,1558559376
304,142,4,1050029024
331,193,4,1570043647
37,30,3,1286256996
303,135,3,1096530351
255,134,3,1055951218
101,46,5,1226511810
4,1,5,1379533246
460,10,4,1168251261
432,6,4,1370287991
234,95,4,1280279784
320,184,2,1544911302
489,104,4,1534108480
366,188,5,1386298149
239,150,2,1040457055
481,141,2,1129095997
398,139,4,1072683093
484,17,1,1416170168
349,134,2,1344830986
365,119,4,1311885703
468,114,2,1576066012
408,158,2,1171426400
340,185,2,1040051038
401,59,4,992081535
48,23,4,1006670518
459,98,5,1101028723
308,155,5,1232952076
60,157,4,1542550475
243,61,3,1189790535
190,121,1,1461396528
489,32,3,1266821847
141,85,4,1046343078
23,110,4,1542497293
145,24,1,1024044606
290,179,4,1105555977
374,200,5,1440219865
13,80,4,1156390148
416,16,4,1466855445
448,172,4,1316536484
334,16,1,1017605310
492,15,5,1340426841
137,65,5,1041119635
493,119,2,1111937865
368,123,3,1411742674
31,66,4,1486362011
252,68,4,1295781998
490,114,1,1182662702
194,180,4,1472906406
215,106,5,1420131543
202,142,5,1186593558
171,150,5,1104916279
386,167,5,1557171133
327,195,5,1482678276
72,78,2,1517773766
263,50,5,1259730379
74,142,4,1386998237
69,65,4,1134380989
20,154,5,1530586602
125,45,4,1192759132
202,162,5,1231246544
32,98,5,1434132542
29,48,3,1471187041
272,153,5,1386964636
180,46,3,1410650006
418,195,5,1404764833
160,117,3,1124644518
135,110,5,1046463455
119,118,5,1407409901
138,106,3,1398661114
136,111,4,1165488438
275,64,5,1061802448
232,172,3,1040710853
128,126,5,996015449
377,101,1,1250099246
145,185,1,1239721050
436,22,5,1389729574
483,141,4,1226953709
52,103,4,1007704134
284,46,5,1019241214
387,115,4,1525266920
24,200,4,1053414048
332,86,5,1048302288
62,43,5,1433449676
188,63,4,1122175350
452,21,3,1549440143
23,186,5,1201295877
371,193,5,1233436443
146,77,1,1454731398
293,173,3,967267827
118,14,2,1211539158
162,188,4,1133883687
272,50,1,1041583131
324,92,5,1231588875
16,53,3,1562789923
62,84,4,1550138389
376,73,5,1028683137
75,95,5,1223293249
496,3,3,1415308432
368,52,3,1568840708
482,54,5,1228209039
229,195,4,1235294127
235,121,5,1397510484
41,200,4,1426982965
5,145,3,1324357288
348,163,4,1239071340
176,53,4,1130669675
464,49,4,1479676818
55,188,1,1060607568
21,26,4,1521173286
417,40,4,1044124051
20,74,4,1093553143
97,120,3,1082173556
260,4,4,1546750670
346,71,2,1079560095
428,96,2,1241323791
396,194,3,979886044
477,100,3,1072364607
34,34,4,974833219
486,158,4,1439370477
340,90,4,1397669532
407,162,5,1078854836
401,64,3,986022968
205,108,5,1274307447
293,135,4,996112845
324,21,1,949451849
214,94,2,1099626442
470,157,4,1209861133
156,4,4,1481079104
112,144,2,1157949904
197,126,4,1164147276
492,164,1,1092337366
21,63,4,1472430341
24,111,5,1315139026
358,78,3,1103241739
440,120,5,1392424795
424,169,3,955912325
215,67,3,1343763449
221,136,3,1128575577
284,98,4,1384082027
485,13,4,1300320317
151,86,3,993110045
459,196,5,1132849439
203,152,4,1396704352
473,129,4,1157029275
299,97,4,982357541
245,102,3,1166756939
202,54,4,1429953685
493,16,4,1304466659
318,171,5,1148530463
67,91,4,963717688
449,197,5,1393438706
228,120,5,996160922
433,75,4,1042825838
56,157,3,1046064657
466,6,4,1221596736
239,42,4,1446202986
325,9,4,1123936994
219,196,4,1192847866
102,8,2,1184908134
161,19,4,1033421322
227,17,1,1301453140
217,103,4,1398063379
427,119,4,1506250467
243,21,2,1083288515
107,144,4,1001907513
1,102,3,1342167511
197,92,2,960845855
173,33,4,1551020336
417,199,5,1278748852
224,44,1,1045414541
359,36,3,1276750735
233,165,5,1256967832
126,8,4,1458460399
176,198,4,1246918894
488,18,3,1545697186
390,118,4,1345481148
88,15,5,1200351103
133,64,5,1370474709
155,45,3,1206567833
23,141,3,1059106972
450,64,4,1303194915
113,134,4,1245128437
418,67,4,996593505
86,29,5,1436808388
458,117,3,1243237580
10,102,2,1417070957
256,113,4,1410599910
161,200,5,1071207687
243,106,4,1064732820
111,75,3,1244406602
258,189,5,1296337071
91,136,5,1097804683
166,146,4,1279924644
70,169,5,1476978300
346,41,4,1378212448
183,53,3,1226758973
136,158,4,1486626220
18,99,3,1150051404
499,68,5,1534892184
166,121,5,1183858086
319,128,5,1311306297
208,59,3,1048468590
215,36,4,1080485979
275,135,4,992070248
465,66,2,993295356
146,103,5,1143538946
383,21,2,1092358941
267,22,5,1096962744
89,131,5,1385099948
36,87,4,1534661439
182,68,1,1442006248
73,119,5,1522204738
89,89,2,1099192191
372,139,5,1088747033
53,142,4,1422146423
394,31,3,1007930505
140,60,3,1371294293
16,29,4,1054436266
352,119,5,1391401043
70,111,5,1558117300
173,179,4,1229251716
500,121,3,1158113616
107,180,1,1019762469
309,77,5,1553132596
174,98,4,1430553102
315,178,5,1555440770
356,47,4,1263756755
133,138,5,1236234904
44,153,3,1447425749
171,156,5,949065001
20,79,5,1484313336
152,198,4,1405262947
439,10,3,1441899553
351,107,4,1116968608
186,46,5,1550894781
448,87,5,1351987511
257,21,5,1566374336
435,63,3,1226596403
174,69,4,1557149230
475,153,3,1516930787
217,41,4,1273486148
420,186,5,1237340417
208,157,4,1107296957
363,106,3,1325397488
324,179,1,1509092557
408,75,4,1087283590
113,36,4,1558766686
211,18,5,1032647259
391,102,3,1062604145
191,25,5,1317202336
343,73,4,1271284801
230,137,1,1025619288
216,93,2,1320653465
38,163,3,961196858
490,142,5,1041885998
103,199,4,1497542674
66,175,1,1566042636
106,172,4,1011926213
38,97,3,1484774422
74,57,3,1535705211
407,36,2,1300609149
385,200,5,1009813840
232,48,3,1320858612
207,144,4,1341988361
403,67,3,1543203944
417,28,5,1347798863
9,134,4,954177227
150,104,4,1513146644
33,184,3,1566980775
202,18,5,1440823613
74,96,5,1474232374
323,33,4,1137237037
330,161,4,1398645774
282,139,3,1204390810
246,135,4,1517711252
79,158,1,1390982487
339,3,3,1506598313
50,112,3,1489415536
306,30,5,1458428683
226,59,4,1242748503
132,164,5,1440825808
305,67,5,1234334924
393,21,4,1205954128
272,144,4,1045132216
492,166,4,1094834686
169,98,4,1210463452
67,74,1,1231032351
184,10,4,1259641913
374,97,3,1446683976
328,89,3,1152704899
276,28,5,1492301799
247,44,3,1282229934
13,144,5,1445746398
242,193,5,1317967094
165,180,4,1274020089
369,51,5,1146408155
476,59,4,1402095025
488,57,4,1352413686
57,182,5,1226175465
191,137,3,1110831729
365,8,3,1176641276
255,173,2,1402999486
95,81,3,1260529461
93,146,3,1197819798
62,11,3,1127134007
88,89,4,1546453102
265,12,4,1318239269
156,8,3,1224373550
292,125,4,974557064
233,188,5,1210170548
338,110,4,1506917987
309,156,4,1026706702
275,124,4,1322406830
199,108,5,1347168676
203,130,3,1094190755
389,64,5,1360408725
202,46,4,1363717613
46,28,4,1467934976
157,9,4,964728382
450,186,4,1190802700
481,147,5,1371314112
444,140,4,1140938640
324,29,5,1063614212
188,134,4,1020589493
220,46,2,1255181592
471,91,5,1478862367
151,111,5,1271286080
332,8,4,1159769883
334,124,5,1521662569
89,77,2,1113549091
10,44,4,1420200546
398,169,2,1123117263
235,89,5,1338855005
435,138,2,1309805903
141,176,3,1092356919
434,95,4,1172748582
405,183,5,1032594801
102,169,5,1199508912
428,163,4,1081539512
186,92,5,1185068849
483,165,4,1413678666
378,109,4,1412681655
301,60,5,1430777781
37,37,3,1423662814
220,172,2,1309394601
1,23,5,1111862161
447,189,4,1278713330
39,6,3,1562136395
281,99,1,1027245376
264,39,3,954880762
457,133,5,1192299243
349,129,4,1166102572
193,3,4,1499406993
409,176,5,1019810334
286,80,1,1457452425
199,59,5,1556114547
379,137,3,1244524240
393,9,4,1183376970
392,153,3,1438147721
373,152,5,987380178
443,159,3,995851807
39,176,4,1453088567
248,41,4,1159514917
337,195,3,1303998917
234,11,4,1397789359
24,18,5,1470169014
376,21,3,1458837793
120,58,1,1407957527
385,6,1,1329195250
171,123,5,1096085166
85,28,5,948015095
216,136,1,980237217
20,162,4,1251232029
371,153,5,1108744941
447,107,2,970142675
209,3,4,985730201
394,162,4,1519425718
347,138,4,1432567758
357,86,1,949644991
95,2,4,1118490205
356,111,4,1428191774
157,27,4,1207004307
227,186,3,1317195056
57,144,5,1217624952
392,67,5,1319932226
420,188,3,1449374130
126,80,4,1370672016
446,170,4,1221563055
340,198,3,1513543562
12,110,5,948838419
54,55,5,1152054489
201,131,5,1559756591
327,150,5,999438748
50,138,5,1562083482
335,96,4,949030086
336,154,3,1501514710
264,2,4,1208747002
377,96,3,1439069959
443,2,5,1512704242
305,101,4,1458470416
330,105,4,1064241054
190,119,2,1251964990
400,25,3,1302615511
332,18,3,1474149680
417,191,5,1225314970
234,78,4,1129595237
444,54,2,1220713067
123,164,3,1207574819
197,39,3,1431157251
330,65,3,1172378020
67,111,4,1364778576
381,87,5,1556004122
179,148,3,1260598590
300,152,3,1154522216
449,49,4,1188798540
78,130,4,956527080
376,31,3,1124506194
250,37,3,1049746603
478,83,5,1557696050
298,108,4,974742191
113,84,3,1160966331
114,167,1,1150183519
262,14,5,1096599706
54,90,3,988201113
136,45,3,1089645136
403,145,4,1109621056
123,116,5,1373024346
319,33,5,1107108838
211,174,4,1324531300
133,125,5,1481154014
414,188,1,1253941704
475,156,5,1461030289
164,136,3,1560127612
160,93,5,1565973841
327,65,3,971226835
373,164,2,1317382885
156,131,1,1272028934
376,61,4,1460307461
24,37,5,1162567468
291,55,5,1151777836
96,123,3,1540952297
346,67,2,973797724
65,82,4,1230130488
105,115,5,1048896399
277,77,2,1082906037
288,114,4,1051897445
166,182,4,1041127149
245,103,3,1545834763
309,161,3,1205684817
410,54,3,1293388739
114,175,4,1012425181
253,149,4,1024950571
215,124,3,1375942255
315,98,4,1535657497
16,198,4,1400338852
328,134,3,1229898773
6,32,5,1388735248
293,151,5,1564045360
61,77,4,1185189333
191,7,3,1040267068
398,144,4,1562929070
341,94,4,1404882217
229,71,5,965589552
323,55,3,1072500301
101,64,3,1294939422
303,22,3,1406112477
225,83,3,1554147897
375,189,4,1139011807
409,61,5,1471033741
301,77,5,1402113473
32,96,2,979546629
217,67,4,961584642
112,133,3,1236716143
295,112,4,948026715
304,49,5,1203852038
274,70,3,1078366310
290,51,5,1099025534
452,142,5,1106597606
136,143,5,970319242
148,183,5,979257101
442,38,3,979012992
360,65,5,1046853460
381,60,5,1422931889
396,92,4,1495508384
200,26,3,1175930812
41,185,4,975650462
151,182,3,1255488530
204,48,5,1487566891
101,187,4,1557144823
294,153,5,1246543529
420,137,2,1565247546
494,133,5,975803855
191,101,2,1466437212
390,53,4,1081282985
47,159,5,1125643893
11,154,5,1108838042
187,62,4,1387935759
103,44,4,1447256221
424,119,1,1069243292
30,104,5,1068085257
55,163,3,1270587352
212,189,4,1337251444
465,87,3,1290784315
57,113,1,1492119167
180,184,5,1174632039
276,54,5,1120971248
351,43,4,1551809894
330,14,5,1364730132
96,195,5,1518351583
294,154,5,1396242591
11,162,5,1195165202
182,82,5,1309635459
495,43,4,1188362372
134,87,5,1178493016
366,68,4,1412996831
44,143,1,1252968970
73,11,4,1167631961
456,128,2,1020491719
129,102,5,1298272347
6,112,4,1220778809
17,73,3,1097314809
204,70,5,1023972852
259,8,4,1304608552
64,42,4,1143292680
270,91,4,1107129330
481,1,2,1512487360
430,187,4,1464796799
391,66,3,1199367667
377,47,2,1004758953
435,35,4,1325118312
41,85,4,1552776298
96,136,3,1571748542
343,132,2,967690661
478,87,4,1451156983
326,113,3,1019906943
24,86,3,1564237409
218,26,2,1258606465
92,2,5,1411959683
497,38,3,1124738120
308,31,5,1543494819
154,156,5,951068105
274,15,2,1095859364
360,86,4,1548466483
15,17,5,1236452268
191,122,3,1362833449
209,197,4,1008225030
345,101,2,1033655210
329,179,4,1104725470
160,159,4,1084957141
35,30,4,1220287538
104,165,3,1511591941
290,56,4,1500685708
319,102,3,1047067396
203,11,3,1526484204
222,104,5,1196266836
69,102,3,1577078436
374,49,5,1141355722
420,75,1,1248887159
34,58,5,1034440415
132,106,3,958063594
265,179,5,1539091964
276,167,3,1524272299
381,35,3,1431631033
304,58,4,1499379798
423,156,5,1217307346
369,112,3,956539220
472,85,1,1001739134
371,36,5,1108054211
329,136,5,1091521221
55,171,1,1045082760
162,187,4,1384899844
425,191,5,1353302831
470,65,4,1224811838
62,81,4,1015560627
116,125,1,1290459649
177,22,4,1549982754
465,76,4,1195782483
426,71,3,1366135934
358,199,5,1089697693
12,177,4,1018983341
171,130,4,1470900298
226,80,4,1190274483
161,84,5,1325855257
293,158,1,1004837514
437,41,4,1261211729
474,153,4,1519386308
59,184,5,1175790275
12,68,4,1541850185
475,6,3,1201491358
470,181,4,1474220795
182,184,4,1142124003
55,186,4,1143083859
22,60,3,1453912238
159,77,3,1335421456
38,25,3,1133997625
474,178,5,1221238240
434,101,4,1424846746
100,73,3,1221381856
219,171,5,1122261896
5,79,5,989275739
205,24,4,1560039294
165,116,2,1478932953
89,181,2,1240659214
188,188,5,1359448466
480,75,5,1418576822
271,192,5,1267933966
299,17,4,961501207
330,116,2,1132313019
229,3,4,1508287387
254,108,3,1240688906
456,101,4,1052100750
339,48,3,1343851419
7,199,3,1496389591
390,186,1,1347416758
451,177,3,1129905017
390,108,5,1115560714
436,93,1,1503933337
48,91,5,991246819
187,12,3,1267192982
341,72,3,1569991432
472,95,4,1325139138
144,18,4,1164983269
20,117,4,1457849043
479,148,5,1257445056
492,146,2,1504029536
118,100,4,1473103970
423,38,3,1297791557
136,104,5,1425788025
13,55,1,1249854956
43,132,4,1180568203
112,123,5,1367568995
485,169,3,1314225289
337,158,4,1516374214
18,83,4,1569234795
342,167,3,1278830199
438,124,4,1018309373
352,125,5,1064486358
261,50,2,1436681766
313,185,4,1316522930
106,136,4,957652362
254,150,3,1454120780
395,188,5,988443514
143,166,3,1049384663
427,22,5,1156366081
61,160,5,1573178541
170,134,3,1171608074
110,41,3,1050769197
123,86,5,974998950
138,198,4,1362053217
443,164,4,1387017782
198,81,4,1184070204
36,85,4,1041180315
272,35,2,1491921682
441,122,2,1138764022
63,70,4,1168646842
153,17,3,1046405414
280,166,4,1282099883
292,99,4,1315426299
80,45,4,1158341657
395,180,3,1074022868
40,174,4,1432308133
356,164,3,1571772344
322,30,4,1358897250
317,191,4,1113630645
97,193,2,1369719094
310,111,5,1118304502
92,150,4,1359830458
185,182,5,1412829131
144,101,3,1554637648
55,189,1,1571697612
296,21,5,995831401
199,10,4,1021339747
227,63,5,1572228729
338,51,4,1044206359
480,34,4,1126533385
151,143,3,1321994495
235,17,5,1097935824
207,123,5,1454144997
162,98,5,1569835261
455,161,4,1307271795
71,18,2,1569285116
383,61,3,1278265875
395,174,4,1277014641
496,106,3,1338052130
8,91,4,1196642327
322,95,4,1289410496
381,14,3,1007853570
389,65,5,1274182752
106,54,4,1313697033
226,144,4,1283227055
139,34,5,1000148838
196,70,4,1358708682
150,36,4,1464816574
154,188,5,1223381892
438,166,4,1159339387
98,12,4,1282296443
84,29,5,1248413676
27,55,3,948486508
253,13,3,1132734926
18,50,4,1118194538
452,47,2,1313552344
203,178,5,1424061067
230,198,4,1521578646
232,101,5,1029420524
435,111,2,1068424336
86,39,5,1260823889
412,77,3,988324480
117,178,4,1567556675
107,195,2,1158083489
295,126,2,1223323747
121,107,4,1262627014
154,107,4,1124098925
302,70,4,1432478216
374,163,5,1007546827
63,100,1,1354247865
192,30,2,1562663049
256,39,2,1205404433
425,118,4,1233011136
337,100,5,1516221627
393,173,5,1342794351
353,3,5,1250202353
198,187,4,1298494905
70,93,4,1311376904
105,49,4,1078234037
112,172,4,1236370253
305,182,2,1112940939
252,126,5,1286625556
